time_stamp,endeff_x,endeff_y,endeff_z
1357007375.331000000,0.500016,2.20497e-05,0.72404
1357007375.345000000,0.500048,5.56829e-05,0.724004
1357007375.360000000,0.500072,8.0464e-05,0.723981
1357007375.373000000,0.50008,7.95474e-05,0.723972
1357007375.390000000,0.50007,6.09961e-05,0.723968
1357007375.406000000,0.500057,3.68972e-05,0.723969
1357007375.419000000,0.500046,2.35593e-05,0.723976
1357007375.432000000,0.500039,1.0679e-05,0.723989
1357007375.445000000,0.500033,-7.95278e-07,0.724004
1357007375.458000000,0.500027,-1.20687e-05,0.724014
1357007375.471000000,0.500022,-2.23649e-05,0.724022
1357007375.485000000,0.500017,-3.1286e-05,0.724028
1357007375.503000000,0.500012,-4.10578e-05,0.724036
1357007375.518000000,0.500008,-4.79145e-05,0.724042
1357007375.531000000,0.500003,-5.06875e-05,0.724048
1357007375.545000000,0.499999,-4.17567e-05,0.724054
1357007375.559000000,0.5,-2.16448e-05,0.724059
1357007375.573000000,0.500014,7.35503e-06,0.72406
1357007375.592000000,0.500038,3.61525e-05,0.724058
1357007375.605000000,0.500052,5.21354e-05,0.724057
1357007375.618000000,0.500066,6.57517e-05,0.724056
1357007375.631000000,0.500073,7.77915e-05,0.724054
1357007375.644000000,0.500071,7.96635e-05,0.724054
1357007375.656000000,0.500069,7.55373e-05,0.724056
1357007375.669000000,0.500066,6.86674e-05,0.724058
1357007375.686000000,0.500061,6.28665e-05,0.72406
1357007375.699000000,0.500052,6.39833e-05,0.724061
1357007375.712000000,0.500046,6.48264e-05,0.724063
1357007375.725000000,0.500043,6.46405e-05,0.724064
1357007375.737000000,0.50004,6.38528e-05,0.724065
1357007375.750000000,0.500038,6.33028e-05,0.724066
1357007375.763000000,0.500035,6.32884e-05,0.724067
1357007375.781000000,0.500032,6.31786e-05,0.724068
1357007375.795000000,0.500029,6.21881e-05,0.724068
1357007375.809000000,0.500027,6.2033e-05,0.724069
1357007375.821000000,0.500025,6.19761e-05,0.724069
1357007375.834000000,0.500024,6.20542e-05,0.72407
1357007375.846000000,0.500021,6.20978e-05,0.72407
1357007375.859000000,0.50002,6.22135e-05,0.724071
1357007375.876000000,0.500021,6.19817e-05,0.724071
1357007375.888000000,0.500022,6.16358e-05,0.724071
1357007375.901000000,0.500023,6.14574e-05,0.724071
1357007375.915000000,0.500023,6.14867e-05,0.724071
1357007375.927000000,0.500024,6.1366e-05,0.724071
1357007375.941000000,0.500024,6.13062e-05,0.724072
1357007375.953000000,0.500024,6.1193e-05,0.724072
1357007375.970000000,0.500023,6.10912e-05,0.724072
1357007375.983000000,0.500023,6.09502e-05,0.724072
1357007375.997000000,0.500023,6.08332e-05,0.724072
1357007376.011000000,0.500023,6.0706e-05,0.724073
1357007376.023000000,0.500023,6.06722e-05,0.724073
1357007376.036000000,0.500023,6.05506e-05,0.724073
1357007376.049000000,0.500023,6.04328e-05,0.724073
1357007376.065000000,0.500023,6.03265e-05,0.724073
1357007376.079000000,0.500023,6.02747e-05,0.724073
1357007376.092000000,0.500023,6.01371e-05,0.724073
1357007376.104000000,0.500023,6.00843e-05,0.724074
1357007376.117000000,0.500023,6.00858e-05,0.724074
1357007376.129000000,0.500023,6.00912e-05,0.724074
1357007376.142000000,0.500023,6.01091e-05,0.724074
1357007376.157000000,0.500023,6.01014e-05,0.724074
1357007376.170000000,0.500023,6.00405e-05,0.724074
1357007376.185000000,0.500022,6.00465e-05,0.724074
1357007376.197000000,0.500022,6.00053e-05,0.724074
1357007376.211000000,0.500022,6.00155e-05,0.724074
1357007376.224000000,0.500022,5.99731e-05,0.724074
1357007376.239000000,0.500022,5.99191e-05,0.724074
1357007376.254000000,0.500022,5.98887e-05,0.724074
1357007376.267000000,0.500022,5.97723e-05,0.724074
1357007376.281000000,0.500022,5.97608e-05,0.724074
1357007376.293000000,0.500022,5.96414e-05,0.724075
1357007376.306000000,0.500022,5.9606e-05,0.724075
1357007376.319000000,0.500022,5.95516e-05,0.724075
1357007376.335000000,0.500022,5.94851e-05,0.724075
1357007376.360000000,0.500022,5.93826e-05,0.724075
1357007376.372000000,0.500022,5.94893e-05,0.724075
1357007376.386000000,0.500022,5.94833e-05,0.724075
1357007376.399000000,0.500022,5.95171e-05,0.724075
1357007376.412000000,0.500022,5.9432e-05,0.724075
1357007376.425000000,0.500022,5.9382e-05,0.724075
1357007376.441000000,0.500022,5.94883e-05,0.724075
1357007376.454000000,0.500022,5.94934e-05,0.724075
1357007376.468000000,0.500022,5.9397e-05,0.724075
1357007376.484000000,0.500022,5.93482e-05,0.724075
1357007376.497000000,0.500022,5.92251e-05,0.724075
1357007376.509000000,0.500022,5.93312e-05,0.724076
1357007376.522000000,0.500022,5.92279e-05,0.724076
1357007376.537000000,0.500021,5.91669e-05,0.724076
1357007376.549000000,0.500021,5.91761e-05,0.724076
1357007376.563000000,0.500021,5.9137e-05,0.724076
1357007376.575000000,0.500021,5.90776e-05,0.724076
1357007376.589000000,0.500021,5.90253e-05,0.724076
1357007376.602000000,0.500021,5.91013e-05,0.724076
1357007376.616000000,0.500021,5.91128e-05,0.724076
1357007376.631000000,0.500021,5.90614e-05,0.724076
1357007376.644000000,0.500021,5.91018e-05,0.724076
1357007376.656000000,0.500021,5.91474e-05,0.724076
1357007376.669000000,0.500021,5.91563e-05,0.724076
1357007376.683000000,0.500021,5.90778e-05,0.724076
1357007376.695000000,0.500021,5.91007e-05,0.724076
1357007376.708000000,0.500021,5.89967e-05,0.724076
1357007376.723000000,0.500021,5.90513e-05,0.724076
1357007376.737000000,0.500021,5.90513e-05,0.724076
1357007376.749000000,0.500021,5.88562e-05,0.724076
1357007376.762000000,0.500021,5.88873e-05,0.724076
1357007376.775000000,0.500021,5.89153e-05,0.724076
1357007376.789000000,0.500021,5.88431e-05,0.724076
1357007376.801000000,0.500021,5.88705e-05,0.724076
1357007376.817000000,0.500021,5.88492e-05,0.724076
1357007376.829000000,0.500021,5.88196e-05,0.724076
1357007376.842000000,0.500021,5.87752e-05,0.724077
1357007376.856000000,0.500021,5.88016e-05,0.724076
1357007376.868000000,0.500021,5.88305e-05,0.724077
1357007376.881000000,0.500021,5.88485e-05,0.724076
1357007376.895000000,0.500021,5.87771e-05,0.724077
1357007376.911000000,0.500021,5.88507e-05,0.724077
1357007376.923000000,0.500021,5.88702e-05,0.724077
1357007376.936000000,0.500021,5.87913e-05,0.724077
1357007376.958000000,0.500021,5.86628e-05,0.724077
1357007376.971000000,0.500021,5.87755e-05,0.724077
1357007376.984000000,0.500021,5.87363e-05,0.724077
1357007376.996000000,0.500021,5.8648e-05,0.724077
1357007377.013000000,0.500021,5.86955e-05,0.724077
1357007377.027000000,0.500021,5.86792e-05,0.724077
1357007377.039000000,0.500021,5.86757e-05,0.724077
1357007377.051000000,0.500021,5.85903e-05,0.724077
1357007377.063000000,0.500021,5.85495e-05,0.724077
1357007377.076000000,0.500021,5.85397e-05,0.724077
1357007377.089000000,0.500021,5.86789e-05,0.724077
1357007377.104000000,0.500021,5.85812e-05,0.724077
1357007377.117000000,0.500021,5.85707e-05,0.724077
1357007377.129000000,0.500021,5.86671e-05,0.724077
1357007377.141000000,0.500021,5.86236e-05,0.724077
1357007377.155000000,0.500021,5.86002e-05,0.724077
1357007377.167000000,0.500021,5.86357e-05,0.724077
1357007377.184000000,0.500021,5.85924e-05,0.724077
1357007377.197000000,0.500021,5.86768e-05,0.724077
1357007377.209000000,0.500021,5.8697e-05,0.724077
1357007377.221000000,0.500021,5.85425e-05,0.724077
1357007377.234000000,0.500021,5.85539e-05,0.724077
1357007377.246000000,0.500021,5.8542e-05,0.724077
1357007377.259000000,0.500021,5.84401e-05,0.724077
1357007377.275000000,0.500021,5.847e-05,0.724077
1357007377.289000000,0.500021,5.8458e-05,0.724077
1357007377.301000000,0.500021,5.8518e-05,0.724077
1357007377.313000000,0.50002,5.84449e-05,0.724077
1357007377.326000000,0.50002,5.83964e-05,0.724077
1357007377.338000000,0.50002,5.85031e-05,0.724077
1357007377.357000000,0.50002,5.8479e-05,0.724077
1357007377.374000000,0.50002,5.84824e-05,0.724077
1357007377.387000000,0.50002,5.84758e-05,0.724077
1357007377.399000000,0.50002,5.84769e-05,0.724077
1357007377.413000000,0.50002,5.84551e-05,0.724077
1357007377.426000000,0.50002,5.8527e-05,0.724077
1357007377.439000000,0.50002,5.85312e-05,0.724077
1357007377.453000000,0.50002,5.84535e-05,0.724077
1357007377.478000000,0.50002,5.83806e-05,0.724077
1357007377.491000000,0.50002,5.84481e-05,0.724077
1357007377.504000000,0.50002,5.8404e-05,0.724077
1357007377.516000000,0.50002,5.83734e-05,0.724077
1357007377.533000000,0.50002,5.83904e-05,0.724077
1357007377.546000000,0.50002,5.83331e-05,0.724078
1357007377.558000000,0.50002,5.83784e-05,0.724077
1357007377.702000000,0.50002,5.83317e-05,0.724078
1357007377.715000000,0.50002,5.82285e-05,0.724078
1357007377.727000000,0.50002,5.83131e-05,0.724078
1357007377.740000000,0.50002,5.82665e-05,0.724078
1357007377.752000000,0.50002,5.83358e-05,0.724078
1357007377.764000000,0.50002,5.82416e-05,0.724078
1357007377.779000000,0.50002,5.82546e-05,0.724078
1357007377.795000000,0.50002,5.82781e-05,0.724078
1357007377.808000000,0.50002,5.82594e-05,0.724078
1357007377.820000000,0.50002,5.82991e-05,0.724078
1357007377.833000000,0.50002,5.82475e-05,0.724078
1357007377.846000000,0.50002,5.82926e-05,0.724078
1357007377.859000000,0.50002,5.8234e-05,0.724078
1357007377.871000000,0.50002,5.82202e-05,0.724078
1357007377.886000000,0.50002,5.82556e-05,0.724078
1357007377.899000000,0.50002,5.82132e-05,0.724078
1357007377.912000000,0.50002,5.82446e-05,0.724078
1357007377.924000000,0.50002,5.8234e-05,0.724078
1357007377.937000000,0.50002,5.81768e-05,0.724078
1357007377.949000000,0.50002,5.81359e-05,0.724078
1357007377.962000000,0.50002,5.81517e-05,0.724078
1357007377.978000000,0.50002,5.81652e-05,0.724078
1357007377.991000000,0.50002,5.81886e-05,0.724078
1357007378.003000000,0.50002,5.81684e-05,0.724078
1357007378.016000000,0.50002,5.81766e-05,0.724078
1357007378.029000000,0.50002,5.81669e-05,0.724078
1357007378.041000000,0.50002,5.81113e-05,0.724078
1357007378.053000000,0.50002,5.81843e-05,0.724078
1357007378.069000000,0.50002,5.81238e-05,0.724078
1357007378.081000000,0.50002,5.8095e-05,0.724078
1357007378.094000000,0.50002,5.8187e-05,0.724078
1357007378.106000000,0.50002,5.81134e-05,0.724078
1357007378.120000000,0.50002,5.80699e-05,0.724078
1357007378.133000000,0.50002,5.81651e-05,0.724078
1357007378.145000000,0.50002,5.81134e-05,0.724078
1357007378.160000000,0.50002,5.81553e-05,0.724078
1357007378.173000000,0.50002,5.81244e-05,0.724078
1357007378.185000000,0.50002,5.81427e-05,0.724078
1357007378.197000000,0.50002,5.80895e-05,0.724078
1357007378.210000000,0.50002,5.81532e-05,0.724078
1357007378.222000000,0.50002,5.81128e-05,0.724078
1357007378.235000000,0.50002,5.81162e-05,0.724078
1357007378.251000000,0.50002,5.80987e-05,0.724078
1357007378.264000000,0.50002,5.80563e-05,0.724078
1357007378.277000000,0.50002,5.8042e-05,0.724078
1357007378.290000000,0.50002,5.81069e-05,0.724078
1357007378.302000000,0.50002,5.80921e-05,0.724078
1357007378.314000000,0.50002,5.80747e-05,0.724078
1357007378.327000000,0.50002,5.80779e-05,0.724078
1357007378.342000000,0.50002,5.80464e-05,0.724078
1357007378.355000000,0.50002,5.81133e-05,0.724078
1357007378.367000000,0.50002,5.8041e-05,0.724078
1357007378.379000000,0.50002,5.80344e-05,0.724078
1357007378.393000000,0.50002,5.80682e-05,0.724078
1357007378.405000000,0.50002,5.80772e-05,0.724078
1357007378.418000000,0.50002,5.80605e-05,0.724078
1357007378.433000000,0.50002,5.80033e-05,0.724078
1357007378.446000000,0.50002,5.80534e-05,0.724078
1357007378.458000000,0.50002,5.8042e-05,0.724078
1357007378.473000000,0.50002,5.79696e-05,0.724078
1357007378.487000000,0.50002,5.80001e-05,0.724078
1357007378.500000000,0.50002,5.79741e-05,0.724078
1357007378.515000000,0.50002,5.8012e-05,0.724078
1357007378.529000000,0.50002,5.79615e-05,0.724078
1357007378.542000000,0.50002,5.80115e-05,0.724078
1357007378.554000000,0.50002,5.79979e-05,0.724078
1357007378.577000000,0.50002,5.80262e-05,0.724078
1357007378.606000000,0.50002,5.79913e-05,0.724078
1357007378.618000000,0.50002,5.80746e-05,0.724078
1357007378.634000000,0.50002,5.79909e-05,0.724078
1357007378.646000000,0.50002,5.79734e-05,0.724078
1357007378.658000000,0.50002,5.7987e-05,0.724078
1357007378.672000000,0.50002,5.79597e-05,0.724078
1357007378.686000000,0.50002,5.80376e-05,0.724078
1357007378.698000000,0.50002,5.79135e-05,0.724078
1357007378.710000000,0.50002,5.79435e-05,0.724078
1357007378.726000000,0.50002,5.79135e-05,0.724078
1357007378.739000000,0.50002,5.79417e-05,0.724078
1357007378.751000000,0.50002,5.79871e-05,0.724078
1357007378.763000000,0.50002,5.79543e-05,0.724078
1357007378.776000000,0.50002,5.79259e-05,0.724078
1357007378.788000000,0.50002,5.79505e-05,0.724078
1357007378.801000000,0.50002,5.79549e-05,0.724078
1357007378.817000000,0.50002,5.79962e-05,0.724078
1357007378.829000000,0.50002,5.79227e-05,0.724078
1357007378.842000000,0.50002,5.79559e-05,0.724078
1357007378.854000000,0.50002,5.79994e-05,0.724078
1357007378.867000000,0.50002,5.79195e-05,0.724078
1357007378.880000000,0.50002,5.79375e-05,0.724078
1357007378.892000000,0.50002,5.79326e-05,0.724078
1357007378.908000000,0.50002,5.79316e-05,0.724078
1357007378.920000000,0.50002,5.79858e-05,0.724078
1357007378.932000000,0.50002,5.78929e-05,0.724078
1357007378.946000000,0.50002,5.7926e-05,0.724078
1357007378.959000000,0.50002,5.78182e-05,0.724079
1357007378.971000000,0.50002,5.78617e-05,0.724078
1357007378.983000000,0.50002,5.78844e-05,0.724079
1357007378.999000000,0.50002,5.78868e-05,0.724078
1357007379.012000000,0.50002,5.79048e-05,0.724079
1357007379.024000000,0.50002,5.78709e-05,0.724079
1357007379.036000000,0.50002,5.78275e-05,0.724079
1357007379.049000000,0.50002,5.78872e-05,0.724079
1357007379.061000000,0.50002,5.78831e-05,0.724079
1357007379.073000000,0.50002,5.79603e-05,0.724078
1357007379.091000000,0.50002,5.79009e-05,0.724079
1357007379.103000000,0.50002,5.79324e-05,0.724079
1357007379.116000000,0.50002,5.78245e-05,0.724079
1357007379.128000000,0.50002,5.78758e-05,0.724079
1357007379.141000000,0.50002,5.78753e-05,0.724079
1357007379.153000000,0.50002,5.79346e-05,0.724078
1357007379.165000000,0.50002,5.78454e-05,0.724079
1357007379.181000000,0.50002,5.78656e-05,0.724079
1357007379.193000000,0.50002,5.77631e-05,0.724079
1357007379.205000000,0.50002,5.78536e-05,0.724079
1357007379.219000000,0.50002,5.78262e-05,0.724079
1357007379.231000000,0.50002,5.78154e-05,0.724079
1357007379.244000000,0.50002,5.7835e-05,0.724079
1357007379.257000000,0.50002,5.78698e-05,0.724079
1357007379.272000000,0.50002,5.77866e-05,0.724079
1357007379.285000000,0.50002,5.7835e-05,0.724079
1357007379.297000000,0.50002,5.78247e-05,0.724079
1357007379.309000000,0.50002,5.7824e-05,0.724079
1357007379.322000000,0.50002,5.78274e-05,0.724079
1357007379.335000000,0.50002,5.78046e-05,0.724079
1357007379.347000000,0.50002,5.78877e-05,0.724079
1357007379.364000000,0.50002,5.7854e-05,0.724079
1357007379.381000000,0.50002,5.7849e-05,0.724079
1357007379.394000000,0.50002,5.77919e-05,0.724079
1357007379.406000000,0.50002,5.78056e-05,0.724079
1357007379.419000000,0.50002,5.78008e-05,0.724079
1357007379.431000000,0.50002,5.77377e-05,0.724079
1357007379.443000000,0.50002,5.79143e-05,0.724079
1357007379.459000000,0.50002,5.77612e-05,0.724079
1357007379.472000000,0.50002,5.78677e-05,0.724079
1357007379.484000000,0.50002,5.77404e-05,0.724079
1357007379.498000000,0.500019,5.78234e-05,0.724079
1357007379.512000000,0.500019,5.78959e-05,0.724079
1357007379.525000000,0.50002,5.78039e-05,0.724079
1357007379.537000000,0.50002,5.77766e-05,0.724079
1357007379.553000000,0.50002,5.77985e-05,0.724079
1357007379.566000000,0.500019,5.77689e-05,0.724079
1357007379.581000000,0.500019,5.77494e-05,0.724079
1357007379.597000000,0.500019,5.77858e-05,0.724079
1357007379.610000000,0.500019,5.77593e-05,0.724079
1357007379.632000000,0.500019,5.77365e-05,0.724079
1357007379.644000000,0.500019,5.77397e-05,0.724079
1357007379.659000000,0.500019,5.77703e-05,0.724079
1357007379.679000000,0.500019,5.76925e-05,0.724079
1357007379.695000000,0.500019,5.77755e-05,0.724079
1357007379.708000000,0.500019,5.77457e-05,0.724079
1357007379.721000000,0.500019,5.77579e-05,0.724079
1357007379.733000000,0.500019,5.77158e-05,0.724079
1357007379.745000000,0.500019,5.77184e-05,0.724079
1357007379.762000000,0.500019,5.77514e-05,0.724079
1357007379.775000000,0.500019,5.77433e-05,0.724079
1357007379.788000000,0.500019,5.77063e-05,0.724079
1357007379.800000000,0.500019,5.77223e-05,0.724079
1357007379.812000000,0.500019,5.77298e-05,0.724079
1357007379.824000000,0.500019,5.77571e-05,0.724079
1357007379.837000000,0.500019,5.77227e-05,0.724079
1357007379.853000000,0.500019,5.77193e-05,0.724079
1357007379.865000000,0.500019,5.77255e-05,0.724079
1357007379.877000000,0.500019,5.77166e-05,0.724079
1357007379.890000000,0.500019,5.77515e-05,0.724079
1357007379.903000000,0.500019,5.76871e-05,0.724079
1357007379.916000000,0.500019,5.77445e-05,0.724079
1357007379.929000000,0.500019,5.76671e-05,0.724079
1357007379.944000000,0.500019,5.77161e-05,0.724079
1357007379.957000000,0.500019,5.77364e-05,0.724079
1357007379.970000000,0.500019,5.76497e-05,0.724079
1357007379.982000000,0.500019,5.77711e-05,0.724079
1357007379.995000000,0.500019,5.76812e-05,0.724079
1357007380.007000000,0.500019,5.77308e-05,0.724079
1357007380.019000000,0.500019,5.77431e-05,0.724079
1357007380.035000000,0.500019,5.76675e-05,0.724079
1357007380.048000000,0.500019,5.76834e-05,0.724079
1357007380.060000000,0.500019,5.76868e-05,0.724079
1357007380.072000000,0.500019,5.76425e-05,0.724079
1357007380.085000000,0.500019,5.76568e-05,0.724079
1357007380.098000000,0.500019,5.76603e-05,0.724079
1357007380.110000000,0.500019,5.76561e-05,0.724079
1357007380.125000000,0.500019,5.7599e-05,0.724079
1357007380.138000000,0.500019,5.76828e-05,0.724079
1357007380.150000000,0.500019,5.76956e-05,0.724079
1357007380.163000000,0.500019,5.76763e-05,0.724079
1357007380.176000000,0.500019,5.7653e-05,0.724079
1357007380.189000000,0.500019,5.76425e-05,0.724079
1357007380.204000000,0.500019,5.76602e-05,0.724079
1357007380.217000000,0.500019,5.76653e-05,0.724079
1357007380.230000000,0.500019,5.76258e-05,0.724079
1357007380.242000000,0.500019,5.76562e-05,0.724079
1357007380.254000000,0.500019,5.76446e-05,0.724079
1357007380.267000000,0.500019,5.76403e-05,0.724079
1357007380.279000000,0.500019,5.76121e-05,0.724079
1357007380.295000000,0.500019,5.76225e-05,0.724079
1357007380.307000000,0.500019,5.76108e-05,0.724079
1357007380.321000000,0.500019,5.76717e-05,0.724079
1357007380.333000000,0.500019,5.76446e-05,0.724079
1357007380.346000000,0.500019,5.76934e-05,0.724079
1357007380.359000000,0.500019,5.76196e-05,0.724079
1357007380.371000000,0.500019,5.76228e-05,0.724079
1357007380.387000000,0.500019,5.76585e-05,0.724079
1357007380.400000000,0.500019,5.76496e-05,0.724079
1357007380.412000000,0.500019,5.75821e-05,0.724079
1357007380.425000000,0.500019,5.76166e-05,0.724079
1357007380.438000000,0.500019,5.76196e-05,0.724079
1357007380.450000000,0.500019,5.76093e-05,0.724079
1357007380.464000000,0.500019,5.76317e-05,0.724079
1357007380.480000000,0.500019,5.75979e-05,0.724079
1357007380.493000000,0.500019,5.75778e-05,0.724079
1357007380.506000000,0.500019,5.75924e-05,0.724079
1357007380.519000000,0.500019,5.76261e-05,0.724079
1357007380.531000000,0.500019,5.76373e-05,0.724079
1357007380.544000000,0.500019,5.75478e-05,0.724079
1357007380.556000000,0.500019,5.76431e-05,0.724079
1357007380.572000000,0.500019,5.75326e-05,0.724079
1357007380.585000000,0.500019,5.76175e-05,0.724079
1357007380.598000000,0.500019,5.75827e-05,0.724079
1357007380.611000000,0.500019,5.75217e-05,0.724079
1357007380.623000000,0.500019,5.76176e-05,0.724079
1357007380.635000000,0.500019,5.75125e-05,0.724079
1357007380.648000000,0.500019,5.75419e-05,0.724079
1357007380.664000000,0.500019,5.75271e-05,0.724079
1357007380.677000000,0.500019,5.75587e-05,0.724079
1357007380.705000000,0.500019,5.75434e-05,0.724079
1357007380.718000000,0.500019,5.7501e-05,0.724079
1357007380.730000000,0.500019,5.75533e-05,0.724079
1357007380.744000000,0.500019,5.76055e-05,0.724079
1357007380.756000000,0.500019,5.75195e-05,0.724079
1357007380.771000000,0.500019,5.75026e-05,0.724079
1357007380.794000000,0.500019,5.75413e-05,0.724079
1357007380.807000000,0.500019,5.75058e-05,0.724079
1357007380.820000000,0.500019,5.76147e-05,0.724079
1357007380.832000000,0.500019,5.74978e-05,0.724079
1357007380.845000000,0.500019,5.75413e-05,0.724079
1357007380.857000000,0.500019,5.75847e-05,0.724079
1357007380.874000000,0.500019,5.74928e-05,0.724079
1357007380.887000000,0.500019,5.76044e-05,0.724079
1357007380.899000000,0.500019,5.75042e-05,0.724079
1357007380.912000000,0.500019,5.75952e-05,0.724079
1357007380.924000000,0.500019,5.75744e-05,0.724079
1357007380.937000000,0.500019,5.74874e-05,0.724079
1357007380.949000000,0.500019,5.75541e-05,0.724079
1357007380.965000000,0.500019,5.74715e-05,0.724079
1357007380.978000000,0.500019,5.75689e-05,0.724079
1357007380.990000000,0.500019,5.7471e-05,0.724079
1357007381.003000000,0.500019,5.74874e-05,0.724079
1357007381.016000000,0.500019,5.74874e-05,0.724079
1357007381.028000000,0.500019,5.74614e-05,0.724079
1357007381.041000000,0.500019,5.74874e-05,0.724079
1357007381.056000000,0.500019,5.74617e-05,0.724079
1357007381.069000000,0.500019,5.74617e-05,0.724079
1357007381.081000000,0.500019,5.74874e-05,0.724079
1357007381.094000000,0.500019,5.75522e-05,0.724079
1357007381.107000000,0.500019,5.75043e-05,0.724079
1357007381.119000000,0.500019,5.74667e-05,0.724079
1357007381.131000000,0.500019,5.75531e-05,0.724079
1357007381.146000000,0.500019,5.75102e-05,0.724079
1357007381.160000000,0.500019,5.74699e-05,0.724079
1357007381.172000000,0.500019,5.74667e-05,0.724079
1357007381.185000000,0.500019,5.74699e-05,0.724079
1357007381.197000000,0.500019,5.75716e-05,0.724079
1357007381.210000000,0.500019,5.75441e-05,0.724079
1357007381.223000000,0.500019,5.74569e-05,0.724079
1357007381.238000000,0.500019,5.75441e-05,0.724079
1357007381.251000000,0.500019,5.75329e-05,0.724079
1357007381.263000000,0.500019,5.74459e-05,0.724079
1357007381.276000000,0.500019,5.75402e-05,0.724079
1357007381.289000000,0.500019,5.74967e-05,0.724079
1357007381.301000000,0.500019,5.74139e-05,0.724079
1357007381.314000000,0.500019,5.75686e-05,0.724079
1357007381.330000000,0.500019,5.74977e-05,0.724079
1357007381.342000000,0.500019,5.74797e-05,0.724079
1357007381.355000000,0.500019,5.74704e-05,0.724079
1357007381.367000000,0.500019,5.74759e-05,0.724079
1357007381.380000000,0.500019,5.74607e-05,0.724079
1357007381.394000000,0.500019,5.74204e-05,0.724079
1357007381.406000000,0.500019,5.74459e-05,0.724079
1357007381.422000000,0.500019,5.74259e-05,0.724079
1357007381.435000000,0.500019,5.75008e-05,0.724079
1357007381.448000000,0.500019,5.74888e-05,0.724079
1357007381.461000000,0.500019,5.75091e-05,0.724079
1357007381.474000000,0.500019,5.75123e-05,0.724079
1357007381.487000000,0.500019,5.75254e-05,0.724079
1357007381.499000000,0.500019,5.75004e-05,0.724079
1357007381.514000000,0.500019,5.74197e-05,0.724079
1357007381.527000000,0.500019,5.74559e-05,0.724079
1357007381.540000000,0.500019,5.74312e-05,0.724079
1357007381.553000000,0.500019,5.74449e-05,0.724079
1357007381.566000000,0.500019,5.7557e-05,0.724079
1357007381.579000000,0.500019,5.74884e-05,0.724079
1357007381.592000000,0.500019,5.74394e-05,0.724079
1357007381.608000000,0.500019,5.74438e-05,0.724079
1357007381.620000000,0.500019,5.74748e-05,0.724079
1357007381.633000000,0.500019,5.74447e-05,0.724079
1357007381.645000000,0.500019,5.74569e-05,0.724079
1357007381.657000000,0.500019,5.74672e-05,0.724079
1357007381.670000000,0.500019,5.74628e-05,0.724079
1357007381.685000000,0.500019,5.74105e-05,0.724079
1357007381.698000000,0.500019,5.74368e-05,0.724079
1357007381.713000000,0.500019,5.74366e-05,0.724079
1357007381.726000000,0.500019,5.74241e-05,0.724079
1357007381.738000000,0.500019,5.74241e-05,0.724079
1357007381.751000000,0.500019,5.74774e-05,0.72408
1357007381.763000000,0.500019,5.74253e-05,0.72408
1357007381.778000000,0.500019,5.73951e-05,0.72408
1357007381.792000000,0.500019,5.7416e-05,0.724079
1357007381.806000000,0.500019,5.74783e-05,0.724079
1357007381.818000000,0.500019,5.73855e-05,0.724079
1357007381.837000000,0.500019,5.73996e-05,0.72408
1357007381.851000000,0.500019,5.74227e-05,0.724079
1357007381.863000000,0.500019,5.738e-05,0.724079
1357007381.878000000,0.500019,5.73897e-05,0.72408
1357007381.901000000,0.500019,5.73485e-05,0.72408
1357007381.914000000,0.500019,5.73881e-05,0.72408
1357007381.928000000,0.500019,5.73935e-05,0.724079
1357007381.940000000,0.500019,5.73729e-05,0.72408
1357007381.952000000,0.500019,5.73931e-05,0.72408
1357007381.965000000,0.500019,5.73735e-05,0.72408
1357007381.982000000,0.500019,5.73462e-05,0.72408
1357007381.995000000,0.500019,5.74235e-05,0.72408
1357007382.007000000,0.500019,5.74198e-05,0.72408
1357007382.019000000,0.500019,5.74785e-05,0.72408
1357007382.032000000,0.500019,5.7422e-05,0.72408
1357007382.044000000,0.500019,5.7423e-05,0.72408
1357007382.056000000,0.500019,5.73381e-05,0.72408
1357007382.072000000,0.500019,5.74149e-05,0.72408
1357007382.084000000,0.500019,5.74052e-05,0.72408
1357007382.097000000,0.500019,5.73916e-05,0.72408
1357007382.109000000,0.500019,5.73801e-05,0.72408
1357007382.123000000,0.500019,5.74182e-05,0.72408
1357007382.135000000,0.500019,5.73648e-05,0.72408
1357007382.148000000,0.500019,5.7393e-05,0.72408
1357007382.164000000,0.500019,5.74834e-05,0.72408
1357007382.176000000,0.500019,5.73714e-05,0.72408
1357007382.188000000,0.500019,5.73691e-05,0.72408
1357007382.201000000,0.500019,5.74739e-05,0.72408
1357007382.213000000,0.500019,5.73052e-05,0.72408
1357007382.227000000,0.500019,5.74289e-05,0.72408
1357007382.240000000,0.500019,5.73375e-05,0.72408
1357007382.257000000,0.500019,5.73877e-05,0.72408
1357007382.271000000,0.500019,5.73718e-05,0.72408
1357007382.284000000,0.500019,5.73893e-05,0.72408
1357007382.297000000,0.500019,5.74078e-05,0.72408
1357007382.309000000,0.500019,5.73538e-05,0.72408
1357007382.323000000,0.500019,5.73789e-05,0.72408
1357007382.336000000,0.500019,5.73845e-05,0.72408
1357007382.352000000,0.500019,5.73238e-05,0.72408
1357007382.365000000,0.500019,5.73756e-05,0.72408
1357007382.378000000,0.500019,5.74224e-05,0.72408
1357007382.392000000,0.500019,5.73854e-05,0.72408
1357007382.406000000,0.500019,5.73453e-05,0.72408
1357007382.419000000,0.500019,5.73413e-05,0.72408
1357007382.432000000,0.500019,5.73288e-05,0.72408
1357007382.448000000,0.500019,5.73896e-05,0.72408
1357007382.462000000,0.500019,5.73807e-05,0.72408
1357007382.476000000,0.500019,5.73902e-05,0.72408
1357007382.489000000,0.500019,5.73413e-05,0.72408
1357007382.502000000,0.500019,5.73741e-05,0.72408
1357007382.516000000,0.500019,5.73518e-05,0.72408
1357007382.530000000,0.500019,5.73016e-05,0.72408
1357007382.546000000,0.500019,5.73712e-05,0.72408
1357007382.560000000,0.500019,5.73761e-05,0.72408
1357007382.573000000,0.500019,5.72913e-05,0.72408
1357007382.587000000,0.500019,5.73711e-05,0.72408
1357007382.600000000,0.500019,5.74186e-05,0.72408
1357007382.613000000,0.500019,5.73615e-05,0.72408
1357007382.626000000,0.500019,5.73544e-05,0.72408
1357007382.642000000,0.500019,5.7343e-05,0.72408
1357007382.655000000,0.500019,5.73364e-05,0.72408
1357007382.669000000,0.500019,5.73414e-05,0.72408
1357007382.683000000,0.500019,5.73632e-05,0.72408
1357007382.696000000,0.500019,5.7305e-05,0.72408
1357007382.709000000,0.500019,5.73527e-05,0.72408
1357007382.722000000,0.500019,5.73913e-05,0.72408
1357007382.739000000,0.500019,5.73663e-05,0.72408
1357007382.752000000,0.500019,5.7318e-05,0.72408
1357007382.765000000,0.500019,5.73157e-05,0.72408
1357007382.779000000,0.500019,5.73288e-05,0.72408
1357007382.792000000,0.500019,5.72935e-05,0.72408
1357007382.806000000,0.500019,5.73414e-05,0.72408
1357007382.820000000,0.500019,5.7332e-05,0.72408
1357007382.836000000,0.500019,5.72406e-05,0.72408
1357007382.862000000,0.500019,5.73068e-05,0.72408
1357007382.875000000,0.500019,5.7302e-05,0.72408
1357007382.890000000,0.500019,5.73157e-05,0.72408
1357007382.907000000,0.500019,5.69319e-05,0.72408
1357007382.921000000,0.500019,4.9375e-05,0.724081
1357007382.937000000,0.500025,2.16643e-05,0.724087
1357007382.955000000,0.500056,-7.16397e-05,0.724103
1357007382.969000000,0.500109,-0.000212659,0.724126
1357007382.983000000,0.500168,-0.00035431,0.724143
1357007383.008000000,0.500224,-0.000542205,0.724163
1357007383.023000000,0.500248,-0.000658499,0.724179
1357007383.039000000,0.500264,-0.000652032,0.724153
1357007383.056000000,0.500279,-0.000581348,0.724103
1357007383.070000000,0.500303,-0.000501545,0.724058
1357007383.085000000,0.500346,-0.000460972,0.724033
1357007383.107000000,0.50046,-0.000603965,0.724112
1357007383.121000000,0.500599,-0.000878713,0.724193
1357007383.135000000,0.500732,-0.0012574,0.724267
1357007383.151000000,0.50088,-0.0017195,0.724315
1357007383.169000000,0.501076,-0.00234886,0.724319
1357007383.183000000,0.501208,-0.00280604,0.72431
1357007383.197000000,0.501386,-0.00328,0.724281
1357007383.211000000,0.501603,-0.00380361,0.724246
1357007383.226000000,0.50182,-0.00440643,0.724235
1357007383.240000000,0.502065,-0.00503614,0.724236
1357007383.254000000,0.502305,-0.00571535,0.724256
1357007383.273000000,0.502625,-0.00665426,0.724288
1357007383.287000000,0.502836,-0.00727301,0.724295
1357007383.301000000,0.503054,-0.00780469,0.724297
1357007383.315000000,0.503272,-0.00827391,0.724282
1357007383.328000000,0.50347,-0.00870444,0.724274
1357007383.342000000,0.503645,-0.00906991,0.724279
1357007383.363000000,0.503887,-0.00967747,0.724317
1357007383.381000000,0.504116,-0.0102202,0.72436
1357007383.396000000,0.504313,-0.0106893,0.724396
1357007383.410000000,0.504495,-0.0110721,0.724445
1357007383.424000000,0.50467,-0.0114226,0.724484
1357007383.438000000,0.504831,-0.0117436,0.724523
1357007383.453000000,0.504993,-0.0120441,0.724556
1357007383.467000000,0.505175,-0.0124243,0.724579
1357007383.484000000,0.505363,-0.012853,0.724609
1357007383.499000000,0.505516,-0.0132433,0.724627
1357007383.515000000,0.505669,-0.0137201,0.724658
1357007383.529000000,0.505803,-0.014138,0.72469
1357007383.543000000,0.505962,-0.0145821,0.724715
1357007383.558000000,0.506128,-0.0150232,0.724744
1357007383.572000000,0.506292,-0.0154613,0.724779
1357007383.589000000,0.506488,-0.0159714,0.724796
1357007383.603000000,0.506633,-0.016376,0.724834
1357007383.617000000,0.506807,-0.0168634,0.724876
1357007383.634000000,0.506998,-0.0173423,0.724893
1357007383.648000000,0.507171,-0.0177794,0.724927
1357007383.662000000,0.507349,-0.0181773,0.724938
1357007383.676000000,0.507515,-0.0184964,0.72493
1357007383.693000000,0.507695,-0.0188355,0.724919
1357007383.706000000,0.507845,-0.0191349,0.724898
1357007383.721000000,0.507998,-0.0194677,0.72489
1357007383.735000000,0.508139,-0.0198176,0.72491
1357007383.750000000,0.508284,-0.0202398,0.724932
1357007383.764000000,0.508431,-0.0206855,0.724979
1357007383.781000000,0.508552,-0.0210787,0.725039
1357007383.798000000,0.508784,-0.0217837,0.725124
1357007383.812000000,0.508934,-0.0222052,0.72517
1357007383.826000000,0.509085,-0.0226631,0.725192
1357007383.841000000,0.509253,-0.0231726,0.725205
1357007383.855000000,0.50942,-0.0236734,0.725217
1357007383.870000000,0.509597,-0.0241588,0.725221
1357007383.891000000,0.50986,-0.0247309,0.725248
1357007383.908000000,0.510054,-0.0250683,0.725264
1357007383.923000000,0.510191,-0.0252797,0.725275
1357007383.937000000,0.5103,-0.0254644,0.725282
1357007383.951000000,0.510407,-0.0256682,0.725283
1357007383.965000000,0.510514,-0.0258854,0.725289
1357007383.978000000,0.510625,-0.0261125,0.725304
1357007383.995000000,0.510761,-0.0264982,0.725338
1357007384.015000000,0.51088,-0.0269851,0.725386
1357007384.029000000,0.510979,-0.027417,0.72542
1357007384.043000000,0.51111,-0.0278498,0.725443
1357007384.058000000,0.511284,-0.0283661,0.72548
1357007384.072000000,0.511471,-0.0288511,0.72551
1357007384.087000000,0.51166,-0.0294039,0.72554
1357007384.102000000,0.511819,-0.029916,0.725569
1357007384.130000000,0.512153,-0.0309,0.725552
1357007384.145000000,0.512346,-0.0313277,0.725536
1357007384.159000000,0.512495,-0.0316411,0.725531
1357007384.174000000,0.51261,-0.0318663,0.72555
1357007384.187000000,0.512715,-0.0320231,0.725561
1357007384.201000000,0.51281,-0.0321688,0.725567
1357007384.216000000,0.512888,-0.0323333,0.725576
1357007384.229000000,0.512961,-0.0325299,0.725598
1357007384.249000000,0.513095,-0.0329028,0.725659
1357007384.263000000,0.513191,-0.033213,0.725704
1357007384.277000000,0.51329,-0.0335511,0.72573
1357007384.291000000,0.513389,-0.0339394,0.725753
1357007384.305000000,0.513516,-0.0343834,0.725768
1357007384.318000000,0.51368,-0.0348706,0.725776
1357007384.334000000,0.513862,-0.0353931,0.725806
1357007384.351000000,0.514088,-0.0360306,0.725823
1357007384.367000000,0.514304,-0.0366899,0.725833
1357007384.381000000,0.514453,-0.0371506,0.725814
1357007384.396000000,0.514616,-0.0376134,0.725787
1357007384.409000000,0.51477,-0.038049,0.725761
1357007384.423000000,0.514898,-0.0383845,0.725726
1357007384.437000000,0.515022,-0.0387275,0.725713
1357007384.455000000,0.515168,-0.0392,0.725738
1357007384.469000000,0.515278,-0.039568,0.725769
1357007384.485000000,0.515395,-0.0399832,0.725825
1357007384.499000000,0.515505,-0.0403548,0.725888
1357007384.512000000,0.515619,-0.04073,0.725941
1357007384.526000000,0.515743,-0.0410895,0.725989
1357007384.541000000,0.515874,-0.0414393,0.726031
1357007384.558000000,0.516028,-0.0418141,0.726044
1357007384.573000000,0.516245,-0.0422828,0.726038
1357007384.587000000,0.516416,-0.042642,0.726038
1357007384.602000000,0.516595,-0.0430057,0.726038
1357007384.618000000,0.516759,-0.0433212,0.72604
1357007384.631000000,0.516872,-0.0435912,0.726047
1357007384.645000000,0.516957,-0.0438357,0.726047
1357007384.660000000,0.517049,-0.0440596,0.726044
1357007384.677000000,0.517146,-0.0442635,0.726044
1357007384.691000000,0.517226,-0.0444305,0.726044
1357007384.705000000,0.517303,-0.044624,0.726067
1357007384.720000000,0.51738,-0.0448588,0.726115
1357007384.735000000,0.517442,-0.0451386,0.726159
1357007384.749000000,0.517505,-0.0455437,0.726206
1357007384.763000000,0.517586,-0.0459642,0.72624
1357007384.781000000,0.517739,-0.0465711,0.726278
1357007384.795000000,0.517891,-0.0471391,0.726309
1357007384.809000000,0.518044,-0.0477114,0.726347
1357007384.822000000,0.518186,-0.0482145,0.726358
1357007384.838000000,0.518358,-0.0488037,0.726363
1357007384.852000000,0.518548,-0.0493196,0.726323
1357007384.866000000,0.518725,-0.0497799,0.726279
1357007384.883000000,0.518936,-0.0502373,0.726215
1357007384.899000000,0.519084,-0.0506112,0.726176
1357007384.912000000,0.519195,-0.0509465,0.726154
1357007384.927000000,0.519316,-0.0512905,0.726141
1357007384.940000000,0.519437,-0.0516622,0.726147
1357007384.956000000,0.519564,-0.052119,0.726186
1357007384.973000000,0.51971,-0.0525741,0.726238
1357007384.987000000,0.519822,-0.0529444,0.726285
1357007385.005000000,0.519948,-0.0534253,0.726372
1357007385.019000000,0.520071,-0.0538223,0.726413
1357007385.033000000,0.5202,-0.0542311,0.726454
1357007385.049000000,0.520377,-0.0548016,0.726494
1357007385.062000000,0.520527,-0.0552537,0.72649
1357007385.078000000,0.520672,-0.0557222,0.726498
1357007385.092000000,0.520801,-0.0561195,0.726497
1357007385.110000000,0.520984,-0.0566056,0.726483
1357007385.125000000,0.521137,-0.0569598,0.726464
1357007385.140000000,0.521256,-0.0572353,0.726426
1357007385.154000000,0.521363,-0.0575162,0.726398
1357007385.168000000,0.521453,-0.0577934,0.726398
1357007385.182000000,0.521539,-0.0580706,0.726403
1357007385.198000000,0.521641,-0.0584728,0.726425
1357007385.225000000,0.521788,-0.0591431,0.726505
1357007385.242000000,0.521905,-0.0597465,0.726584
1357007385.257000000,0.52202,-0.0602127,0.726644
1357007385.270000000,0.522165,-0.0606911,0.726674
1357007385.284000000,0.522305,-0.0611255,0.726682
1357007385.298000000,0.522455,-0.0615982,0.726694
1357007385.313000000,0.522609,-0.0620541,0.726685
1357007385.328000000,0.522767,-0.0625037,0.726678
1357007385.345000000,0.522926,-0.0629632,0.726664
1357007385.359000000,0.523067,-0.0632572,0.726633
1357007385.373000000,0.523188,-0.0635191,0.726609
1357007385.388000000,0.52329,-0.0637094,0.726583
1357007385.402000000,0.523387,-0.0638702,0.726557
1357007385.415000000,0.523473,-0.0640418,0.726549
1357007385.429000000,0.52354,-0.0642397,0.726567
1357007385.448000000,0.523637,-0.0646386,0.726615
1357007385.463000000,0.523696,-0.0649583,0.726664
1357007385.477000000,0.523773,-0.0653452,0.726711
1357007385.491000000,0.523846,-0.0657781,0.726758
1357007385.504000000,0.523924,-0.0662272,0.72679
1357007385.518000000,0.52404,-0.0667339,0.726823
1357007385.533000000,0.524184,-0.0672985,0.726836
1357007385.551000000,0.524375,-0.0680012,0.726847
1357007385.566000000,0.524545,-0.0685208,0.726825
1357007385.580000000,0.524688,-0.0689874,0.726816
1357007385.595000000,0.524829,-0.0694148,0.726781
1357007385.609000000,0.524965,-0.0697761,0.726724
1357007385.623000000,0.525079,-0.0700927,0.726676
1357007385.637000000,0.525195,-0.0703834,0.726635
1357007385.651000000,0.525313,-0.0706999,0.726611
1357007385.669000000,0.52542,-0.0711056,0.726629
1357007385.684000000,0.525499,-0.071448,0.726659
1357007385.698000000,0.525571,-0.0717455,0.726696
1357007385.712000000,0.525646,-0.0720257,0.72674
1357007385.726000000,0.525736,-0.0722904,0.726793
1357007385.740000000,0.525836,-0.0725257,0.726834
1357007385.755000000,0.525952,-0.0728379,0.726875
1357007385.773000000,0.526071,-0.0732156,0.726923
1357007385.787000000,0.526219,-0.0737325,0.72693
1357007385.803000000,0.52632,-0.0741488,0.726939
1357007385.817000000,0.526426,-0.0745562,0.726934
1357007385.831000000,0.52653,-0.0748947,0.726914
1357007385.845000000,0.526644,-0.0752714,0.726907
1357007385.859000000,0.526736,-0.075624,0.726906
1357007385.877000000,0.52686,-0.0760734,0.726863
1357007385.891000000,0.526975,-0.0765122,0.726838
1357007385.905000000,0.527088,-0.0769594,0.726822
1357007385.921000000,0.527215,-0.0774479,0.726788
1357007385.935000000,0.527313,-0.0778917,0.726791
1357007385.949000000,0.527408,-0.0783302,0.726806
1357007385.963000000,0.527514,-0.0787203,0.726795
1357007385.977000000,0.527607,-0.0790532,0.7268
1357007385.994000000,0.52774,-0.0794979,0.726813
1357007386.008000000,0.527863,-0.0798742,0.726814
1357007386.034000000,0.528046,-0.0805676,0.726849
1357007386.049000000,0.528167,-0.0810006,0.726856
1357007386.063000000,0.528278,-0.0813654,0.726877
1357007386.076000000,0.528397,-0.0817084,0.726885
1357007386.091000000,0.528515,-0.0819839,0.726885
1357007386.107000000,0.528622,-0.0822616,0.726886
1357007386.121000000,0.528702,-0.0824583,0.726879
1357007386.135000000,0.528775,-0.0826839,0.726867
1357007386.152000000,0.52886,-0.0829993,0.726857
1357007386.167000000,0.528938,-0.0833711,0.726866
1357007386.181000000,0.529016,-0.0837878,0.726884
1357007386.195000000,0.529083,-0.0841745,0.726914
1357007386.213000000,0.529167,-0.0847515,0.726965
1357007386.228000000,0.529252,-0.0852539,0.726982
1357007386.244000000,0.529388,-0.0858545,0.726989
1357007386.258000000,0.529504,-0.0863685,0.726989
1357007386.273000000,0.529642,-0.086898,0.72698
1357007386.288000000,0.529779,-0.0873992,0.726965
1357007386.302000000,0.529894,-0.0878255,0.726963
1357007386.318000000,0.530038,-0.0882046,0.726928
1357007386.346000000,0.530281,-0.0887259,0.726852
1357007386.360000000,0.530401,-0.0889349,0.726819
1357007386.376000000,0.530492,-0.0891587,0.726819
1357007386.389000000,0.53056,-0.0893937,0.726832
1357007386.404000000,0.530625,-0.0896961,0.726851
1357007386.420000000,0.5307,-0.0900606,0.726864
1357007386.435000000,0.530778,-0.0904336,0.726871
1357007386.453000000,0.530868,-0.0909741,0.726903
1357007386.467000000,0.530925,-0.0913907,0.726934
1357007386.481000000,0.531,-0.0918203,0.726959
1357007386.495000000,0.531099,-0.0922848,0.726986
1357007386.508000000,0.531207,-0.0927075,0.726983
1357007386.524000000,0.531336,-0.0932066,0.726981
1357007386.540000000,0.53148,-0.0937456,0.726969
1357007386.557000000,0.531625,-0.0942646,0.726939
1357007386.574000000,0.531741,-0.0946786,0.726903
1357007386.588000000,0.531849,-0.0949861,0.726842
1357007386.602000000,0.531935,-0.0952417,0.726803
1357007386.615000000,0.532018,-0.0954794,0.726774
1357007386.629000000,0.532114,-0.0957454,0.72676
1357007386.644000000,0.532207,-0.0960507,0.726758
1357007386.660000000,0.532268,-0.096412,0.726792
1357007386.677000000,0.532327,-0.0968212,0.726828
1357007386.691000000,0.532397,-0.0971575,0.726846
1357007386.705000000,0.532471,-0.0975591,0.726895
1357007386.720000000,0.532565,-0.0979882,0.726931
1357007386.733000000,0.532666,-0.0984697,0.726935
1357007386.748000000,0.532762,-0.0989941,0.72694
1357007386.762000000,0.532859,-0.0994798,0.726923
1357007386.780000000,0.53304,-0.100094,0.726883
1357007386.795000000,0.533164,-0.100518,0.726871
1357007386.809000000,0.533286,-0.100915,0.726837
1357007386.823000000,0.533395,-0.101261,0.726792
1357007386.837000000,0.533491,-0.10156,0.726737
1357007386.852000000,0.533577,-0.10182,0.72668
1357007386.866000000,0.533655,-0.102099,0.726649
1357007386.883000000,0.533747,-0.102475,0.726656
1357007386.898000000,0.533826,-0.102867,0.726668
1357007386.913000000,0.533885,-0.103229,0.726698
1357007386.927000000,0.533938,-0.103571,0.726736
1357007386.942000000,0.533994,-0.103924,0.726776
1357007386.956000000,0.534074,-0.104342,0.726815
1357007386.970000000,0.534171,-0.104811,0.726844
1357007386.983000000,0.534261,-0.105315,0.726857
1357007387.002000000,0.534391,-0.105938,0.726843
1357007387.018000000,0.534523,-0.106462,0.726813
1357007387.032000000,0.534641,-0.106842,0.726793
1357007387.053000000,0.534817,-0.107474,0.726752
1357007387.066000000,0.534939,-0.107771,0.726692
1357007387.081000000,0.535027,-0.108044,0.726623
1357007387.094000000,0.535089,-0.108282,0.726564
1357007387.111000000,0.53518,-0.108626,0.726509
1357007387.125000000,0.535243,-0.108909,0.726504
1357007387.142000000,0.535312,-0.109285,0.726524
1357007387.155000000,0.535369,-0.109573,0.726551
1357007387.171000000,0.535437,-0.10985,0.726586
1357007387.185000000,0.535506,-0.110091,0.726618
1357007387.198000000,0.535568,-0.110342,0.72664
1357007387.216000000,0.535646,-0.110668,0.726682
1357007387.230000000,0.535737,-0.110947,0.726696
1357007387.246000000,0.535831,-0.111296,0.7267
1357007387.261000000,0.535901,-0.111662,0.726703
1357007387.276000000,0.535971,-0.112019,0.726682
1357007387.290000000,0.536051,-0.112373,0.726642
1357007387.304000000,0.536125,-0.112747,0.726623
1357007387.317000000,0.536211,-0.11315,0.726604
1357007387.342000000,0.536368,-0.113924,0.726536
1357007387.356000000,0.536437,-0.11441,0.726506
1357007387.370000000,0.53651,-0.114908,0.726449
1357007387.386000000,0.536592,-0.115451,0.726409
1357007387.400000000,0.536671,-0.115892,0.726396
1357007387.415000000,0.536774,-0.116254,0.726365
1357007387.430000000,0.536863,-0.116596,0.726367
1357007387.459000000,0.537016,-0.117082,0.726387
1357007387.474000000,0.537091,-0.117358,0.726406
1357007387.488000000,0.537166,-0.117655,0.726429
1357007387.502000000,0.537243,-0.117943,0.726436
1357007387.518000000,0.537332,-0.118303,0.726445
1357007387.532000000,0.537394,-0.118618,0.726449
1357007387.547000000,0.537469,-0.118958,0.726421
1357007387.566000000,0.537578,-0.119346,0.726374
1357007387.580000000,0.537679,-0.119701,0.726339
1357007387.594000000,0.537797,-0.120117,0.726277
1357007387.608000000,0.537882,-0.120524,0.726236
1357007387.622000000,0.537948,-0.121013,0.726206
1357007387.637000000,0.538024,-0.121627,0.726149
1357007387.651000000,0.538085,-0.122085,0.726132
1357007387.668000000,0.538182,-0.122699,0.726108
1357007387.682000000,0.538272,-0.123195,0.726084
1357007387.697000000,0.538339,-0.123684,0.726073
1357007387.711000000,0.538405,-0.124157,0.726046
1357007387.725000000,0.538473,-0.124617,0.726025
1357007387.739000000,0.538557,-0.125055,0.726015
1357007387.755000000,0.538678,-0.125455,0.726003
1357007387.769000000,0.538787,-0.125718,0.726004
1357007387.787000000,0.538951,-0.126032,0.726029
1357007387.801000000,0.539051,-0.126133,0.726025
1357007387.815000000,0.539125,-0.126223,0.726023
1357007387.832000000,0.539211,-0.126325,0.726008
1357007387.845000000,0.539289,-0.126441,0.725998
1357007387.859000000,0.53936,-0.126627,0.725993
1357007387.875000000,0.539406,-0.126899,0.725993
1357007387.892000000,0.539417,-0.127316,0.725987
1357007387.906000000,0.539412,-0.127719,0.725986
1357007387.920000000,0.53944,-0.128168,0.725966
1357007387.935000000,0.539504,-0.128709,0.725956
1357007387.949000000,0.539567,-0.129222,0.725958
1357007387.962000000,0.539635,-0.129787,0.725947
1357007387.978000000,0.539692,-0.130343,0.725929
1357007387.997000000,0.539787,-0.131059,0.725876
1357007388.011000000,0.539871,-0.131547,0.725825
1357007388.026000000,0.539971,-0.131978,0.725764
1357007388.041000000,0.540098,-0.132318,0.725674
1357007388.055000000,0.540197,-0.132572,0.725622
1357007388.069000000,0.540284,-0.132801,0.725592
1357007388.082000000,0.540364,-0.133019,0.725572
1357007388.096000000,0.540438,-0.133279,0.725567
1357007388.115000000,0.540523,-0.133689,0.725581
1357007388.133000000,0.540604,-0.134044,0.725574
1357007388.147000000,0.540668,-0.134389,0.72556
1357007388.161000000,0.540706,-0.134774,0.725564
1357007388.175000000,0.540749,-0.135194,0.72556
1357007388.188000000,0.540816,-0.135666,0.72553
1357007388.202000000,0.540888,-0.136164,0.725498
1357007388.219000000,0.540988,-0.136763,0.725427
1357007388.236000000,0.541087,-0.137316,0.725392
1357007388.251000000,0.541181,-0.137733,0.725366
1357007388.266000000,0.541297,-0.138154,0.725336
1357007388.280000000,0.54139,-0.138474,0.725302
1357007388.294000000,0.541477,-0.138759,0.725239
1357007388.309000000,0.541548,-0.139022,0.725186
1357007388.326000000,0.541602,-0.139324,0.725157
1357007388.339000000,0.541645,-0.13962,0.725135
1357007388.356000000,0.541691,-0.139988,0.725119
1357007388.370000000,0.541727,-0.140344,0.725118
1357007388.384000000,0.541769,-0.140704,0.725126
1357007388.399000000,0.541816,-0.141058,0.725147
1357007388.413000000,0.541866,-0.141449,0.725178
1357007388.430000000,0.541934,-0.141881,0.725181
1357007388.448000000,0.542064,-0.142591,0.725147
1357007388.463000000,0.542155,-0.143108,0.725106
1357007388.479000000,0.542273,-0.143599,0.725052
1357007388.493000000,0.542355,-0.143982,0.725018
1357007388.507000000,0.542434,-0.144322,0.724976
1357007388.521000000,0.54253,-0.144652,0.724898
1357007388.539000000,0.542641,-0.144998,0.7248
1357007388.567000000,0.5428,-0.1455,0.724645
1357007388.582000000,0.542846,-0.145794,0.724616
1357007388.596000000,0.542873,-0.146105,0.724609
1357007388.612000000,0.542912,-0.146483,0.724592
1357007388.626000000,0.542956,-0.146815,0.724586
1357007388.641000000,0.543005,-0.147162,0.724589
1357007388.655000000,0.543044,-0.14751,0.724629
1357007388.675000000,0.543106,-0.14803,0.724665
1357007388.688000000,0.543161,-0.148485,0.724679
1357007388.702000000,0.543227,-0.148979,0.724666
1357007388.716000000,0.543297,-0.149452,0.724623
1357007388.733000000,0.543377,-0.15011,0.724583
1357007388.748000000,0.543456,-0.150584,0.724518
1357007388.765000000,0.54357,-0.151172,0.724423
1357007388.780000000,0.543667,-0.151635,0.724321
1357007388.794000000,0.543771,-0.152132,0.72422
1357007388.808000000,0.543854,-0.152593,0.724132
1357007388.823000000,0.543915,-0.153024,0.724054
1357007388.838000000,0.543973,-0.153489,0.723985
1357007388.854000000,0.544058,-0.154027,0.723914
1357007388.871000000,0.544134,-0.154519,0.723888
1357007388.885000000,0.544196,-0.15486,0.723878
1357007388.899000000,0.544251,-0.155115,0.723881
1357007388.913000000,0.544317,-0.155277,0.723906
1357007388.926000000,0.5444,-0.155346,0.723945
1357007388.940000000,0.544476,-0.155338,0.723988
1357007388.955000000,0.54452,-0.155243,0.724014
1357007388.971000000,0.544541,-0.155055,0.724018
1357007388.986000000,0.544548,-0.154931,0.724
1357007388.999000000,0.544559,-0.154863,0.723989
1357007389.011000000,0.544565,-0.154808,0.723995
1357007389.024000000,0.544567,-0.154752,0.724012
1357007389.038000000,0.544568,-0.154709,0.72403
1357007389.051000000,0.544575,-0.154696,0.72404
1357007389.067000000,0.544588,-0.154697,0.724048
1357007389.081000000,0.544587,-0.154715,0.724056
1357007389.096000000,0.544576,-0.154739,0.724065
1357007389.110000000,0.544562,-0.154761,0.724074
1357007389.122000000,0.544548,-0.154787,0.724082
1357007389.135000000,0.544532,-0.15482,0.724088
1357007389.158000000,0.544502,-0.1549,0.724092
1357007389.170000000,0.544488,-0.15494,0.724087
1357007389.182000000,0.544471,-0.154974,0.724081
1357007389.197000000,0.54446,-0.154993,0.724071
1357007389.211000000,0.544459,-0.155001,0.724058
1357007389.224000000,0.544463,-0.155002,0.724039
1357007389.241000000,0.544478,-0.154997,0.724003
1357007389.258000000,0.544519,-0.154998,0.723907
1357007389.272000000,0.544587,-0.155008,0.723793
1357007389.286000000,0.544676,-0.155011,0.723659
1357007389.300000000,0.544742,-0.154997,0.723542
1357007389.315000000,0.54479,-0.154965,0.723438
1357007389.329000000,0.54484,-0.154925,0.723371
1357007389.343000000,0.544914,-0.154905,0.723317
1357007389.361000000,0.545145,-0.154935,0.723195
1357007389.376000000,0.545392,-0.154983,0.723048
1357007389.391000000,0.545609,-0.155054,0.722852
1357007389.405000000,0.545825,-0.155142,0.722531
1357007389.419000000,0.546021,-0.155248,0.722098
1357007389.436000000,0.546254,-0.155428,0.721423
1357007389.452000000,0.546469,-0.155627,0.720642
1357007389.469000000,0.546799,-0.155884,0.71967
1357007389.483000000,0.547197,-0.156167,0.718692
1357007389.497000000,0.547589,-0.156424,0.717719
1357007389.511000000,0.547941,-0.156643,0.716768
1357007389.525000000,0.54829,-0.156892,0.715684
1357007389.540000000,0.548627,-0.157154,0.714543
1357007389.559000000,0.549094,-0.157559,0.712831
1357007389.578000000,0.549531,-0.157946,0.711231
1357007389.592000000,0.549872,-0.15823,0.710129
1357007389.605000000,0.550299,-0.158541,0.708897
1357007389.620000000,0.550743,-0.15885,0.707632
1357007389.633000000,0.551172,-0.159164,0.706335
1357007389.653000000,0.551754,-0.159597,0.704461
1357007389.675000000,0.552347,-0.160016,0.702611
1357007389.695000000,0.552853,-0.160344,0.70107
1357007389.709000000,0.553421,-0.160646,0.699492
1357007389.723000000,0.553853,-0.160836,0.698417
1357007389.737000000,0.554335,-0.161029,0.697326
1357007389.752000000,0.554868,-0.161214,0.696212
1357007389.766000000,0.555357,-0.161379,0.695196
1357007389.779000000,0.555822,-0.161551,0.694183
1357007389.796000000,0.556493,-0.16182,0.69261
1357007389.816000000,0.557074,-0.162091,0.69111
1357007389.830000000,0.557491,-0.162298,0.689976
1357007389.845000000,0.557986,-0.162543,0.688668
1357007389.859000000,0.558403,-0.162748,0.687579
1357007389.873000000,0.558887,-0.162997,0.686305
1357007389.887000000,0.559317,-0.163233,0.685084
1357007389.902000000,0.559762,-0.163499,0.683751
1357007389.919000000,0.560266,-0.16379,0.682195
1357007389.935000000,0.560703,-0.164054,0.680834
1357007389.951000000,0.561176,-0.164319,0.679406
1357007389.965000000,0.561587,-0.164511,0.678292
1357007389.979000000,0.562039,-0.164702,0.677131
1357007389.992000000,0.562494,-0.164875,0.675985
1357007390.006000000,0.562915,-0.165026,0.674915
1357007390.023000000,0.563494,-0.165247,0.673408
1357007390.037000000,0.563927,-0.165432,0.672217
1357007390.055000000,0.564433,-0.165665,0.670748
1357007390.069000000,0.564857,-0.165849,0.66953
1357007390.083000000,0.565285,-0.16603,0.668327
1357007390.098000000,0.565708,-0.166209,0.667113
1357007390.112000000,0.566155,-0.16639,0.665855
1357007390.129000000,0.566708,-0.166614,0.664312
1357007390.144000000,0.567198,-0.166834,0.662829
1357007390.158000000,0.567579,-0.167018,0.661591
1357007390.174000000,0.568037,-0.167245,0.660079
1357007390.188000000,0.568419,-0.167446,0.658797
1357007390.213000000,0.569161,-0.167795,0.656469
1357007390.228000000,0.569584,-0.16797,0.655258
1357007390.243000000,0.570038,-0.168143,0.653973
1357007390.260000000,0.570534,-0.168341,0.652495
1357007390.274000000,0.570892,-0.168501,0.65136
1357007390.287000000,0.57126,-0.16867,0.650135
1357007390.303000000,0.571677,-0.168855,0.648722
1357007390.317000000,0.572025,-0.168993,0.647584
1357007390.331000000,0.572403,-0.169135,0.646374
1357007390.345000000,0.572798,-0.169251,0.645201
1357007390.362000000,0.5733,-0.169381,0.64381
1357007390.377000000,0.57371,-0.169484,0.642667
1357007390.392000000,0.574123,-0.169607,0.641423
1357007390.406000000,0.574486,-0.169738,0.640215
1357007390.421000000,0.574883,-0.169915,0.638798
1357007390.434000000,0.575196,-0.170071,0.637646
1357007390.450000000,0.575556,-0.170265,0.636308
1357007390.468000000,0.576003,-0.17049,0.634681
1357007390.482000000,0.576351,-0.170654,0.633413
1357007390.496000000,0.576685,-0.170815,0.632133
1357007390.510000000,0.577013,-0.170972,0.630823
1357007390.525000000,0.577334,-0.171144,0.629503
1357007390.540000000,0.577661,-0.171334,0.6281
1357007390.555000000,0.578006,-0.171539,0.626623
1357007390.569000000,0.578302,-0.171689,0.625412
1357007390.588000000,0.578785,-0.171876,0.623636
1357007390.601000000,0.579109,-0.171972,0.622492
1357007390.616000000,0.579486,-0.172069,0.621155
1357007390.630000000,0.579807,-0.172152,0.619998
1357007390.645000000,0.580165,-0.172242,0.618669
1357007390.663000000,0.580576,-0.172328,0.617172
1357007390.678000000,0.580984,-0.1724,0.615835
1357007390.696000000,0.581411,-0.172482,0.61453
1357007390.710000000,0.581763,-0.172526,0.613522
1357007390.723000000,0.582106,-0.172571,0.61256
1357007390.737000000,0.582433,-0.172629,0.61161
1357007390.754000000,0.582804,-0.172728,0.610443
1357007390.778000000,0.583241,-0.172914,0.608742
1357007390.795000000,0.583495,-0.173072,0.607476
1357007390.813000000,0.58376,-0.173222,0.60615
1357007390.827000000,0.583999,-0.173338,0.605067
1357007390.841000000,0.584289,-0.173453,0.603871
1357007390.856000000,0.5846,-0.173544,0.602563
1357007390.870000000,0.584865,-0.173633,0.601288
1357007390.884000000,0.585098,-0.173724,0.599949
1357007390.898000000,0.585302,-0.173822,0.598582
1357007390.914000000,0.585518,-0.173964,0.596879
1357007390.931000000,0.585739,-0.174121,0.595151
1357007390.947000000,0.585966,-0.174264,0.593635
1357007390.961000000,0.586198,-0.174392,0.592258
1357007390.974000000,0.586412,-0.174493,0.590984
1357007390.988000000,0.586642,-0.1746,0.589604
1357007391.002000000,0.586857,-0.174704,0.588218
1357007391.016000000,0.587065,-0.174808,0.586845
1357007391.035000000,0.587352,-0.174907,0.585113
1357007391.051000000,0.587651,-0.174974,0.583687
1357007391.064000000,0.587933,-0.174999,0.582551
1357007391.078000000,0.588229,-0.174992,0.58147
1357007391.093000000,0.588522,-0.17499,0.580429
1357007391.107000000,0.58878,-0.175022,0.579474
1357007391.121000000,0.589044,-0.175065,0.578439
1357007391.138000000,0.589329,-0.175149,0.577167
1357007391.155000000,0.589566,-0.175257,0.575848
1357007391.169000000,0.589732,-0.175349,0.574713
1357007391.183000000,0.589889,-0.175458,0.573509
1357007391.197000000,0.590066,-0.175578,0.572227
1357007391.210000000,0.59026,-0.175679,0.570902
1357007391.225000000,0.590419,-0.175739,0.569632
1357007391.239000000,0.590567,-0.175801,0.568226
1357007391.257000000,0.590736,-0.175883,0.566287
1357007391.273000000,0.590861,-0.175951,0.564777
1357007391.286000000,0.590986,-0.176016,0.563386
1357007391.300000000,0.591147,-0.176066,0.562039
1357007391.318000000,0.591413,-0.17612,0.560411
1357007391.333000000,0.591633,-0.176148,0.559178
1357007391.346000000,0.591845,-0.176187,0.55793
1357007391.369000000,0.592127,-0.176242,0.555943
1357007391.383000000,0.592268,-0.176277,0.554638
1357007391.399000000,0.592405,-0.176307,0.553191
1357007391.413000000,0.592542,-0.176343,0.551858
1357007391.427000000,0.592695,-0.176388,0.550447
1357007391.440000000,0.592849,-0.176423,0.549259
1357007391.456000000,0.593046,-0.176454,0.547909
1357007391.473000000,0.593252,-0.176502,0.546308
1357007391.488000000,0.593389,-0.176533,0.545031
1357007391.501000000,0.593513,-0.176586,0.543712
1357007391.519000000,0.593628,-0.17666,0.542182
1357007391.533000000,0.593719,-0.176728,0.540843
1357007391.547000000,0.593838,-0.176792,0.53942
1357007391.562000000,0.593974,-0.176835,0.538138
1357007391.576000000,0.594114,-0.176864,0.536774
1357007391.594000000,0.594252,-0.176904,0.535095
1357007391.608000000,0.594348,-0.176931,0.533874
1357007391.622000000,0.594427,-0.176961,0.532549
1357007391.638000000,0.594498,-0.176993,0.530998
1357007391.653000000,0.594579,-0.177016,0.529557
1357007391.668000000,0.594675,-0.17702,0.528244
1357007391.681000000,0.594784,-0.177011,0.526956
1357007391.699000000,0.594935,-0.176991,0.525378
1357007391.715000000,0.595077,-0.176983,0.523796
1357007391.729000000,0.595172,-0.176978,0.522487
1357007391.743000000,0.59523,-0.176979,0.521228
1357007391.762000000,0.5953,-0.176983,0.519274
1357007391.778000000,0.595365,-0.176982,0.517857
1357007391.793000000,0.595442,-0.176984,0.516453
1357007391.812000000,0.595611,-0.176956,0.514304
1357007391.826000000,0.595703,-0.176946,0.513061
1357007391.841000000,0.59579,-0.176936,0.511808
1357007391.857000000,0.595865,-0.176923,0.510264
1357007391.881000000,0.595903,-0.17692,0.508008
1357007391.898000000,0.595948,-0.176907,0.506519
1357007391.912000000,0.596008,-0.17689,0.505168
1357007391.929000000,0.596074,-0.17686,0.504043
1357007391.944000000,0.596205,-0.176804,0.502572
1357007391.959000000,0.59633,-0.176772,0.501414
1357007391.973000000,0.596431,-0.176747,0.500427
1357007391.987000000,0.59652,-0.176719,0.499343
1357007392.000000000,0.596585,-0.176712,0.498255
1357007392.015000000,0.596609,-0.176714,0.497051
1357007392.029000000,0.596603,-0.176716,0.495901
1357007392.047000000,0.596574,-0.176732,0.494347
1357007392.062000000,0.596556,-0.176733,0.492979
1357007392.077000000,0.596518,-0.176722,0.491638
1357007392.091000000,0.596462,-0.176705,0.490343
1357007392.105000000,0.596377,-0.17669,0.488884
1357007392.119000000,0.596279,-0.176671,0.487413
1357007392.134000000,0.596172,-0.176646,0.485789
1357007392.153000000,0.596095,-0.176598,0.48404
1357007392.167000000,0.596079,-0.176551,0.482729
1357007392.180000000,0.596085,-0.176504,0.481454
1357007392.194000000,0.596098,-0.176461,0.480194
1357007392.208000000,0.596099,-0.17642,0.478911
1357007392.223000000,0.596087,-0.176388,0.47771
1357007392.236000000,0.596049,-0.176351,0.476404
1357007392.257000000,0.595954,-0.176293,0.474402
1357007392.271000000,0.595892,-0.176256,0.473162
1357007392.285000000,0.595826,-0.176215,0.471838
1357007392.298000000,0.595756,-0.17618,0.470506
1357007392.312000000,0.595685,-0.176155,0.46929
1357007392.326000000,0.595602,-0.176129,0.46798
1357007392.339000000,0.595511,-0.176099,0.466675
1357007392.353000000,0.59543,-0.176062,0.465371
1357007392.375000000,0.595346,-0.176001,0.463564
1357007392.391000000,0.595332,-0.175939,0.462199
1357007392.404000000,0.59535,-0.175867,0.461068
1357007392.418000000,0.595392,-0.175768,0.460009
1357007392.432000000,0.595444,-0.175676,0.459096
1357007392.446000000,0.595495,-0.175585,0.458132
1357007392.460000000,0.595536,-0.175506,0.457085
1357007392.478000000,0.595539,-0.175411,0.455799
1357007392.494000000,0.595479,-0.175355,0.454615
1357007392.509000000,0.595395,-0.175307,0.453529
1357007392.523000000,0.595291,-0.175273,0.452364
1357007392.537000000,0.595162,-0.175251,0.45114
1357007392.551000000,0.595017,-0.175216,0.449946
1357007392.566000000,0.594813,-0.175167,0.448497
1357007392.583000000,0.594516,-0.175095,0.446651
1357007392.597000000,0.594283,-0.175049,0.445289
1357007392.612000000,0.59399,-0.174975,0.443539
1357007392.627000000,0.593809,-0.174909,0.442163
1357007392.641000000,0.593676,-0.174838,0.440856
1357007392.658000000,0.59355,-0.174763,0.439505
1357007392.671000000,0.593441,-0.174679,0.438248
1357007392.685000000,0.593328,-0.174608,0.436997
1357007392.702000000,0.593142,-0.174526,0.435453
1357007392.716000000,0.592964,-0.174462,0.434159
1357007392.732000000,0.592758,-0.174385,0.432664
1357007392.745000000,0.592591,-0.174319,0.431464
1357007392.761000000,0.592383,-0.174235,0.429979
1357007392.775000000,0.592218,-0.174168,0.428761
1357007392.790000000,0.592048,-0.174093,0.427446
1357007392.808000000,0.591804,-0.173992,0.425757
1357007392.823000000,0.591608,-0.173902,0.424426
1357007392.836000000,0.59139,-0.173805,0.423007
1357007392.852000000,0.591125,-0.173682,0.421408
1357007392.868000000,0.590905,-0.17358,0.420097
1357007392.884000000,0.590665,-0.173465,0.418594
1357007392.898000000,0.590454,-0.173362,0.417212
1357007392.916000000,0.590223,-0.173244,0.41566
1357007392.931000000,0.590027,-0.173151,0.414365
1357007392.945000000,0.589805,-0.173055,0.412991
1357007392.960000000,0.58958,-0.172954,0.411702
1357007392.984000000,0.589188,-0.17279,0.409452
1357007393.002000000,0.588893,-0.172647,0.407718
1357007393.016000000,0.588699,-0.172536,0.406475
1357007393.029000000,0.588546,-0.172432,0.405338
1357007393.046000000,0.588333,-0.172296,0.403867
1357007393.062000000,0.588115,-0.17216,0.40249
1357007393.076000000,0.587927,-0.172044,0.401349
1357007393.090000000,0.587691,-0.171935,0.400095
1357007393.105000000,0.587409,-0.171824,0.398738
1357007393.119000000,0.587148,-0.171718,0.39748
1357007393.133000000,0.586903,-0.171613,0.396235
1357007393.150000000,0.58661,-0.171482,0.394737
1357007393.165000000,0.586354,-0.171357,0.393419
1357007393.179000000,0.586118,-0.17124,0.392181
1357007393.193000000,0.58588,-0.171117,0.390957
1357007393.207000000,0.585616,-0.170989,0.38972
1357007393.224000000,0.585281,-0.170857,0.388285
1357007393.237000000,0.585016,-0.170745,0.387117
1357007393.255000000,0.584641,-0.170585,0.385507
1357007393.270000000,0.584317,-0.170445,0.384146
1357007393.283000000,0.584036,-0.170331,0.382964
1357007393.297000000,0.58374,-0.170205,0.381704
1357007393.310000000,0.583467,-0.170091,0.380552
1357007393.325000000,0.583166,-0.169963,0.379308
1357007393.340000000,0.582829,-0.169822,0.377905
1357007393.355000000,0.582577,-0.169706,0.376798
1357007393.372000000,0.582314,-0.169548,0.375449
1357007393.387000000,0.582125,-0.169395,0.374325
1357007393.401000000,0.581986,-0.169269,0.373344
1357007393.414000000,0.58186,-0.169145,0.372393
1357007393.428000000,0.581711,-0.169037,0.371443
1357007393.442000000,0.581543,-0.168938,0.370548
1357007393.456000000,0.581276,-0.168824,0.369467
1357007393.488000000,0.580581,-0.168591,0.366973
1357007393.503000000,0.580233,-0.1685,0.365778
1357007393.517000000,0.579844,-0.168374,0.364522
1357007393.530000000,0.579422,-0.168251,0.363289
1357007393.544000000,0.57893,-0.168102,0.361903
1357007393.558000000,0.578473,-0.167964,0.360614
1357007393.573000000,0.57792,-0.167795,0.35906
1357007393.592000000,0.577306,-0.167601,0.357279
1357007393.607000000,0.576945,-0.167456,0.356049
1357007393.620000000,0.576637,-0.167326,0.354912
1357007393.634000000,0.576366,-0.167187,0.353843
1357007393.649000000,0.576147,-0.167047,0.352826
1357007393.665000000,0.575926,-0.166891,0.351718
1357007393.678000000,0.575734,-0.166758,0.350817
1357007393.695000000,0.575427,-0.166588,0.349596
1357007393.710000000,0.575096,-0.166442,0.348451
1357007393.725000000,0.574753,-0.16631,0.347361
1357007393.739000000,0.574335,-0.166167,0.346141
1357007393.753000000,0.573909,-0.166051,0.344941
1357007393.768000000,0.573401,-0.165921,0.343564
1357007393.782000000,0.572927,-0.165801,0.342346
1357007393.797000000,0.572349,-0.165641,0.340914
1357007393.814000000,0.571683,-0.165452,0.339289
1357007393.831000000,0.570844,-0.165192,0.337234
1357007393.846000000,0.570357,-0.165028,0.335984
1357007393.860000000,0.569899,-0.164855,0.334695
1357007393.876000000,0.56949,-0.164696,0.333463
1357007393.889000000,0.569164,-0.164537,0.332372
1357007393.903000000,0.568872,-0.164378,0.331312
1357007393.922000000,0.568501,-0.164188,0.330021
1357007393.935000000,0.568133,-0.164034,0.328923
1357007393.951000000,0.567648,-0.163846,0.327619
1357007393.966000000,0.567159,-0.163674,0.32635
1357007393.981000000,0.566648,-0.163507,0.325064
1357007393.997000000,0.566053,-0.163321,0.323642
1357007394.011000000,0.565521,-0.16316,0.322377
1357007394.028000000,0.56488,-0.162968,0.320865
1357007394.043000000,0.564274,-0.162783,0.319509
1357007394.058000000,0.563744,-0.16261,0.318316
1357007394.076000000,0.562978,-0.16236,0.316597
1357007394.100000000,0.562067,-0.162059,0.314506
1357007394.115000000,0.561595,-0.161875,0.313271
1357007394.129000000,0.561223,-0.161709,0.312186
1357007394.147000000,0.560875,-0.16153,0.311135
1357007394.162000000,0.560397,-0.161318,0.309766
1357007394.175000000,0.559981,-0.161139,0.308685
1357007394.189000000,0.55951,-0.160952,0.307577
1357007394.205000000,0.558965,-0.160748,0.30636
1357007394.220000000,0.558411,-0.16054,0.305123
1357007394.233000000,0.557937,-0.160354,0.304056
1357007394.247000000,0.557447,-0.160147,0.302921
1357007394.265000000,0.556846,-0.159921,0.301476
1357007394.279000000,0.556369,-0.15976,0.300355
1357007394.293000000,0.555857,-0.159601,0.299227
1357007394.307000000,0.555303,-0.159445,0.298076
1357007394.322000000,0.554676,-0.159277,0.296825
1357007394.336000000,0.554069,-0.159109,0.295639
1357007394.352000000,0.553465,-0.158939,0.294446
1357007394.368000000,0.55277,-0.15872,0.293006
1357007394.382000000,0.552224,-0.158536,0.291845
1357007394.398000000,0.551627,-0.158333,0.290599
1357007394.413000000,0.550998,-0.158122,0.289331
1357007394.426000000,0.550361,-0.157912,0.288133
1357007394.442000000,0.549617,-0.157684,0.286804
1357007394.455000000,0.5489,-0.157472,0.285522
1357007394.474000000,0.548012,-0.157209,0.28389
1357007394.488000000,0.547356,-0.157007,0.282662
1357007394.502000000,0.546735,-0.156802,0.281461
1357007394.516000000,0.546179,-0.156619,0.280365
1357007394.544000000,0.54501,-0.156191,0.278003
1357007394.558000000,0.544524,-0.155982,0.276908
1357007394.573000000,0.544126,-0.155761,0.275831
1357007394.587000000,0.543902,-0.155555,0.274982
1357007394.604000000,0.543757,-0.15528,0.273914
1357007394.618000000,0.543744,-0.155071,0.273158
1357007394.632000000,0.543801,-0.154894,0.272525
1357007394.646000000,0.54392,-0.154744,0.271921
1357007394.660000000,0.544094,-0.154695,0.271468
1357007394.680000000,0.544413,-0.154736,0.2711
1357007394.695000000,0.544585,-0.154783,0.271037
1357007394.713000000,0.544664,-0.154813,0.271104
1357007394.727000000,0.54467,-0.154825,0.271159
1357007394.740000000,0.544662,-0.154834,0.271212
1357007394.754000000,0.54464,-0.154836,0.27126
1357007394.770000000,0.544623,-0.154829,0.271316
1357007394.784000000,0.544622,-0.154824,0.271362
1357007394.798000000,0.544621,-0.154827,0.271386
1357007394.818000000,0.544595,-0.154845,0.271391
1357007394.832000000,0.544578,-0.154857,0.271388
1357007394.846000000,0.544577,-0.154855,0.27139
1357007394.861000000,0.54459,-0.154818,0.271394
1357007394.875000000,0.544621,-0.154711,0.271398
1357007394.889000000,0.544672,-0.154531,0.271403
1357007394.907000000,0.544768,-0.154188,0.271412
1357007394.922000000,0.544863,-0.153812,0.271422
1357007394.940000000,0.544982,-0.15321,0.271441
1357007394.954000000,0.545092,-0.152607,0.271476
1357007394.969000000,0.545229,-0.151858,0.271531
1357007394.982000000,0.54539,-0.151079,0.2716
1357007394.996000000,0.54558,-0.15023,0.271684
1357007395.013000000,0.545845,-0.149098,0.271793
1357007395.027000000,0.546082,-0.148077,0.271878
1357007395.041000000,0.546318,-0.147058,0.271954
1357007395.057000000,0.546647,-0.145699,0.272052
1357007395.073000000,0.546999,-0.144271,0.272143
1357007395.088000000,0.547348,-0.142882,0.272217
1357007395.104000000,0.547741,-0.141256,0.272287
1357007395.122000000,0.548188,-0.139292,0.272356
1357007395.136000000,0.548553,-0.137673,0.272408
1357007395.150000000,0.548931,-0.135991,0.272455
1357007395.163000000,0.549289,-0.134386,0.272488
1357007395.182000000,0.549795,-0.132048,0.272521
1357007395.207000000,0.550417,-0.1291,0.272553
1357007395.222000000,0.550795,-0.12726,0.272576
1357007395.240000000,0.551221,-0.125135,0.272621
1357007395.253000000,0.551576,-0.123347,0.27266
1357007395.268000000,0.551958,-0.121417,0.272697
1357007395.282000000,0.552317,-0.119608,0.272726
1357007395.295000000,0.552641,-0.117947,0.272754
1357007395.311000000,0.553011,-0.11598,0.272791
1357007395.324000000,0.553314,-0.114332,0.272819
1357007395.343000000,0.553656,-0.112432,0.272846
1357007395.356000000,0.55389,-0.111049,0.27286
1357007395.374000000,0.554215,-0.109064,0.272879
1357007395.388000000,0.554433,-0.107704,0.27289
1357007395.402000000,0.554681,-0.106109,0.272905
1357007395.416000000,0.554899,-0.104696,0.272922
1357007395.431000000,0.555166,-0.102958,0.272945
1357007395.448000000,0.555453,-0.101118,0.272999
1357007395.462000000,0.555689,-0.0995706,0.273024
1357007395.477000000,0.555953,-0.0978367,0.273039
1357007395.494000000,0.556242,-0.0959639,0.273049
1357007395.508000000,0.556486,-0.0942888,0.27305
1357007395.521000000,0.556722,-0.0927055,0.273053
1357007395.535000000,0.556964,-0.0909791,0.273048
1357007395.553000000,0.557282,-0.0886541,0.273032
1357007395.569000000,0.557511,-0.0869676,0.273016
1357007395.583000000,0.55774,-0.0851854,0.272992
1357007395.596000000,0.557927,-0.0836709,0.272974
1357007395.611000000,0.558135,-0.0819609,0.272951
1357007395.641000000,0.558496,-0.0787729,0.272905
1357007395.655000000,0.558686,-0.0770582,0.272893
1357007395.670000000,0.558874,-0.0753346,0.272891
1357007395.689000000,0.559106,-0.0731738,0.2729
1357007395.703000000,0.559264,-0.0717258,0.272907
1357007395.716000000,0.559419,-0.0702124,0.272906
1357007395.730000000,0.559551,-0.0687557,0.272894
1357007395.743000000,0.559659,-0.0674371,0.272875
1357007395.757000000,0.559771,-0.0660048,0.272852
1357007395.774000000,0.559888,-0.0643548,0.272825
1357007395.791000000,0.560014,-0.0625471,0.272804
1357007395.807000000,0.560149,-0.0607843,0.272799
1357007395.820000000,0.560269,-0.0593146,0.272799
1357007395.836000000,0.560477,-0.0569429,0.272799
1357007395.850000000,0.560623,-0.0553464,0.272804
1357007395.865000000,0.560778,-0.0536263,0.272816
1357007395.879000000,0.560911,-0.0520058,0.272825
1357007395.897000000,0.561069,-0.0498706,0.272815
1357007395.912000000,0.561178,-0.0481946,0.272793
1357007395.928000000,0.561282,-0.0462962,0.272759
1357007395.942000000,0.561364,-0.0446514,0.272729
1357007395.956000000,0.561436,-0.0430669,0.272701
1357007395.971000000,0.561501,-0.0414438,0.272674
1357007395.985000000,0.561557,-0.0400689,0.272654
1357007396.001000000,0.561634,-0.0382793,0.272632
1357007396.018000000,0.561712,-0.0365727,0.27261
1357007396.031000000,0.561778,-0.0350648,0.272591
1357007396.048000000,0.561848,-0.0333118,0.272566
1357007396.062000000,0.561893,-0.0317564,0.272536
1357007396.077000000,0.561928,-0.0300962,0.272496
1357007396.091000000,0.561959,-0.0285423,0.272466
1357007396.109000000,0.561977,-0.0266067,0.272437
1357007396.122000000,0.561989,-0.0249891,0.272415
1357007396.136000000,0.562005,-0.0233427,0.272394
1357007396.151000000,0.56203,-0.0215532,0.272372
1357007396.168000000,0.562054,-0.019528,0.272347
1357007396.182000000,0.562071,-0.0178841,0.272332
1357007396.197000000,0.562087,-0.0162468,0.272317
1357007396.217000000,0.5621,-0.0139674,0.272289
1357007396.232000000,0.562104,-0.0122835,0.272264
1357007396.245000000,0.562108,-0.0108333,0.272241
1357007396.259000000,0.562097,-0.00928345,0.272212
1357007396.275000000,0.56206,-0.00763602,0.272177
1357007396.291000000,0.562013,-0.00581914,0.27215
1357007396.315000000,0.561953,-0.00359797,0.272123
1357007396.334000000,0.561913,-0.00172869,0.272116
1357007396.348000000,0.561893,-0.000474756,0.27212
1357007396.362000000,0.561868,0.000765285,0.272124
1357007396.376000000,0.561836,0.00200376,0.272124
1357007396.391000000,0.561793,0.00335767,0.272115
1357007396.405000000,0.56175,0.00469365,0.272094
1357007396.421000000,0.561688,0.00629977,0.272055
1357007396.438000000,0.5616,0.00807823,0.272009
1357007396.453000000,0.561511,0.00970906,0.271969
1357007396.466000000,0.561434,0.0111667,0.271938
1357007396.483000000,0.56134,0.0130252,0.271901
1357007396.498000000,0.561265,0.0148323,0.271871
1357007396.511000000,0.561195,0.0165959,0.271847
1357007396.525000000,0.561121,0.0182743,0.271828
1357007396.543000000,0.56099,0.0206464,0.2718
1357007396.557000000,0.560872,0.0225033,0.271779
1357007396.572000000,0.560734,0.0244734,0.271756
1357007396.586000000,0.560597,0.0262979,0.271732
1357007396.601000000,0.560452,0.0281837,0.271705
1357007396.616000000,0.560323,0.0298496,0.271678
1357007396.630000000,0.560198,0.0314339,0.271646
1357007396.648000000,0.560053,0.0333202,0.271616
1357007396.674000000,0.559947,0.0346719,0.271602
1357007396.688000000,0.559764,0.0369385,0.271582
1357007396.704000000,0.559645,0.038165,0.271565
1357007396.718000000,0.559527,0.0391455,0.271547
1357007396.732000000,0.559407,0.040024,0.271525
1357007396.746000000,0.559294,0.0407665,0.271498
