time_stamp,force_x,force_y,force_z,force_projected
1357007375.331000000,-10.1546,0.185804,23.4272,10.1423
1357007375.345000000,-10.3722,0.0815174,23.3645,10.352
1357007375.360000000,-10.8563,0.150999,23.3525,10.8398
1357007375.373000000,-11.4073,0.343836,23.1749,11.403
1357007375.390000000,-12.0592,0.733448,23.0493,12.0809
1357007375.406000000,-12.2146,0.848501,23.2802,12.244
1357007375.419000000,-12.2003,0.790448,23.4277,12.2256
1357007375.432000000,-11.9484,0.752568,23.526,11.9717
1357007375.445000000,-11.7576,0.825827,23.5228,11.7866
1357007375.458000000,-11.5507,0.856051,23.5895,11.5823
1357007375.471000000,-11.3751,0.85384,23.7072,11.407
1357007375.485000000,-11.1022,0.790816,23.8471,11.1303
1357007375.503000000,-10.8644,0.687145,23.8738,10.8858
1357007375.518000000,-10.7702,0.573313,23.8885,10.7837
1357007375.531000000,-10.9094,0.49397,23.8366,10.917
1357007375.545000000,-11.0561,0.59286,23.7724,11.0703
1357007375.559000000,-11.1825,0.543915,23.6566,11.193
1357007375.573000000,-11.238,0.385874,23.4896,11.2372
1357007375.592000000,-11.2404,0.290641,23.4474,11.2328
1357007375.605000000,-11.2824,0.271461,23.352,11.2734
1357007375.618000000,-11.3501,0.2864,23.2962,11.342
1357007375.632000000,-11.529,0.28859,23.3287,11.5205
1357007375.644000000,-11.6707,0.381624,23.3828,11.6684
1357007375.657000000,-11.6513,0.546375,23.5366,11.6608
1357007375.669000000,-11.6639,0.6628,23.644,11.6816
1357007375.686000000,-11.6024,0.746517,23.7418,11.6262
1357007375.699000000,-11.5187,0.779316,23.7659,11.545
1357007375.712000000,-11.3047,0.821571,23.7439,11.3345
1357007375.725000000,-11.131,0.831317,23.7986,11.162
1357007375.737000000,-10.9396,0.756174,23.8377,10.9657
1357007375.750000000,-10.8029,0.685539,23.8687,10.8244
1357007375.763000000,-10.7689,0.645949,23.9006,10.7876
1357007375.781000000,-10.8116,0.600263,23.9264,10.8269
1357007375.795000000,-11.0006,0.456574,23.9321,11.0054
1357007375.809000000,-11.0884,0.377453,23.9301,11.0873
1357007375.821000000,-11.1401,0.345294,23.9153,11.1366
1357007375.834000000,-11.158,0.326757,23.9036,11.1532
1357007375.846000000,-11.1405,0.293876,23.9079,11.1334
1357007375.859000000,-11.1465,0.301169,23.8814,11.1398
1357007375.876000000,-11.1812,0.347046,23.8334,11.1777
1357007375.889000000,-11.2266,0.389036,23.7757,11.226
1357007375.901000000,-11.2637,0.425224,23.7352,11.2656
1357007375.915000000,-11.2785,0.480628,23.7008,11.2842
1357007375.927000000,-11.2564,0.552342,23.6895,11.2672
1357007375.941000000,-11.1978,0.607449,23.7,11.2128
1357007375.953000000,-11.1334,0.628707,23.6936,11.1499
1357007375.970000000,-11.0522,0.621867,23.6992,11.0685
1357007375.983000000,-11.0125,0.617192,23.6958,11.0286
1357007375.997000000,-10.9847,0.605731,23.714,11
1357007376.011000000,-10.994,0.572557,23.7279,11.007
1357007376.023000000,-11.0219,0.544174,23.7322,11.0328
1357007376.036000000,-11.0668,0.503504,23.7508,11.0747
1357007376.049000000,-11.086,0.473656,23.7524,11.0918
1357007376.065000000,-11.0979,0.432758,23.7603,11.1007
1357007376.079000000,-11.0811,0.41091,23.7664,11.0824
1357007376.092000000,-11.0403,0.397117,23.7689,11.0407
1357007376.104000000,-11.0265,0.389323,23.7655,11.0265
1357007376.117000000,-11.0022,0.391807,23.7695,11.0024
1357007376.129000000,-11.0153,0.408519,23.7541,11.0166
1357007376.142000000,-11.0002,0.443509,23.7557,11.004
1357007376.157000000,-10.9798,0.475982,23.7636,10.986
1357007376.170000000,-10.982,0.508666,23.7524,10.9904
1357007376.185000000,-10.9915,0.538454,23.7516,11.002
1357007376.197000000,-11.002,0.5524,23.7462,11.0135
1357007376.211000000,-11.0113,0.568272,23.7402,11.0239
1357007376.224000000,-11.0386,0.577631,23.7275,11.0518
1357007376.239000000,-11.0652,0.572222,23.716,11.0779
1357007376.254000000,-11.0661,0.548208,23.736,11.0772
1357007376.267000000,-11.0832,0.527247,23.7345,11.0928
1357007376.281000000,-11.0762,0.493049,23.7399,11.0833
1357007376.293000000,-11.0552,0.46147,23.7575,11.0602
1357007376.306000000,-11.0216,0.430897,23.7628,11.0245
1357007376.319000000,-10.9965,0.40969,23.7741,10.998
1357007376.335000000,-10.947,0.386216,23.7875,10.9469
1357007376.360000000,-10.894,0.38558,23.7924,10.894
1357007376.372000000,-10.8704,0.394528,23.8029,10.8711
1357007376.386000000,-10.8744,0.418638,23.7923,10.8768
1357007376.399000000,-10.8841,0.447247,23.7909,10.8884
1357007376.412000000,-10.888,0.471094,23.7836,10.894
1357007376.425000000,-10.9034,0.492476,23.7798,10.9109
1357007376.441000000,-10.8892,0.517732,23.7891,10.8985
1357007376.454000000,-10.8843,0.534654,23.7852,10.8948
1357007376.469000000,-10.9125,0.532262,23.7831,10.9228
1357007376.484000000,-10.9143,0.526555,23.7865,10.9242
1357007376.497000000,-10.9234,0.509357,23.7847,10.932
1357007376.509000000,-10.9249,0.499258,23.7837,10.9329
1357007376.522000000,-10.9353,0.472002,23.7879,10.9413
1357007376.537000000,-10.9271,0.440694,23.788,10.9309
1357007376.549000000,-10.9027,0.415005,23.8002,10.9047
1357007376.563000000,-10.8966,0.402088,23.8027,10.8977
1357007376.576000000,-10.8742,0.389783,23.8043,10.8746
1357007376.589000000,-10.855,0.384409,23.8116,10.855
1357007376.603000000,-10.8517,0.402654,23.8039,10.853
1357007376.616000000,-10.858,0.405659,23.8029,10.8595
1357007376.631000000,-10.863,0.424933,23.7984,10.8659
1357007376.644000000,-10.8773,0.448745,23.7837,10.8818
1357007376.656000000,-10.8736,0.461047,23.7892,10.879
1357007376.669000000,-10.873,0.487138,23.7941,10.8802
1357007376.683000000,-10.9011,0.500633,23.7713,10.9092
1357007376.695000000,-10.904,0.51341,23.7779,10.913
1357007376.708000000,-10.906,0.517383,23.7754,10.9153
1357007376.723000000,-10.9065,0.507793,23.7758,10.9151
1357007376.737000000,-10.9058,0.497704,23.7816,10.9137
1357007376.749000000,-10.9215,0.479782,23.7695,10.9281
1357007376.762000000,-10.9102,0.46577,23.7772,10.9158
1357007376.775000000,-10.9089,0.446446,23.7786,10.9132
1357007376.789000000,-10.9122,0.430961,23.7851,10.9153
1357007376.801000000,-10.8926,0.41574,23.7906,10.8947
1357007376.817000000,-10.887,0.402568,23.7934,10.8882
1357007376.829000000,-10.8866,0.406365,23.7971,10.8881
1357007376.842000000,-10.8699,0.409428,23.81,10.8716
1357007376.856000000,-10.8791,0.41912,23.8013,10.8815
1357007376.868000000,-10.8783,0.432267,23.7976,10.8817
1357007376.883000000,-10.8825,0.443647,23.8013,10.8866
1357007376.895000000,-10.8882,0.464582,23.7917,10.8938
1357007376.911000000,-10.883,0.480653,23.7931,10.8897
1357007376.923000000,-10.8904,0.496373,23.7882,10.8982
1357007376.936000000,-10.8913,0.501343,23.7807,10.8995
1357007376.958000000,-10.8922,0.492381,23.7861,10.8997
1357007376.971000000,-10.9205,0.495581,23.7733,10.9282
1357007376.984000000,-10.9207,0.484201,23.7809,10.9276
1357007376.996000000,-10.9185,0.470291,23.7761,10.9244
1357007377.013000000,-10.931,0.46453,23.7799,10.9364
1357007377.027000000,-10.914,0.442728,23.7873,10.918
1357007377.039000000,-10.9113,0.427628,23.7843,10.9142
1357007377.051000000,-10.897,0.414631,23.7908,10.8991
1357007377.064000000,-10.89,0.410575,23.8054,10.8917
1357007377.076000000,-10.9055,0.414286,23.8003,10.9075
1357007377.089000000,-10.8917,0.41552,23.804,10.8938
1357007377.105000000,-10.8884,0.426913,23.8029,10.8913
1357007377.117000000,-10.8927,0.443575,23.7968,10.8968
1357007377.129000000,-10.8811,0.4481,23.7982,10.8856
1357007377.142000000,-10.8802,0.462791,23.7955,10.8857
1357007377.155000000,-10.8822,0.479398,23.7897,10.8888
1357007377.167000000,-10.8809,0.486284,23.7929,10.888
1357007377.184000000,-10.8804,0.495484,23.7909,10.8882
1357007377.197000000,-10.8927,0.502806,23.7828,10.901
1357007377.209000000,-10.8984,0.490086,23.7856,10.9058
1357007377.222000000,-10.9034,0.488237,23.7786,10.9107
1357007377.234000000,-10.9187,0.482377,23.7758,10.9255
1357007377.246000000,-10.9055,0.475585,23.7865,10.9119
1357007377.259000000,-10.9268,0.460622,23.776,10.932
1357007377.275000000,-10.9185,0.436218,23.7894,10.922
1357007377.289000000,-10.9138,0.431918,23.7901,10.917
1357007377.301000000,-10.9099,0.431016,23.7886,10.9131
1357007377.314000000,-10.8972,0.421432,23.7951,10.8997
1357007377.326000000,-10.8897,0.420857,23.7975,10.8922
1357007377.338000000,-10.8859,0.426241,23.7904,10.8888
1357007377.357000000,-10.8909,0.441879,23.79,10.8949
1357007377.374000000,-10.8924,0.451001,23.7834,10.897
1357007377.387000000,-10.8905,0.45574,23.7891,10.8954
1357007377.399000000,-10.9095,0.464787,23.7803,10.915
1357007377.413000000,-10.9002,0.476143,23.7836,10.9066
1357007377.426000000,-10.8923,0.479035,23.7902,10.8989
1357007377.439000000,-10.9043,0.47971,23.7796,10.9109
1357007377.453000000,-10.9143,0.479541,23.7795,10.9209
1357007377.478000000,-10.9129,0.470166,23.7774,10.9188
1357007377.491000000,-10.929,0.457666,23.7777,10.934
1357007377.504000000,-10.9224,0.448142,23.7805,10.9267
1357007377.516000000,-10.9265,0.436828,23.7791,10.93
1357007377.533000000,-10.9172,0.429094,23.7862,10.9202
1357007377.546000000,-10.9143,0.42497,23.7799,10.917
1357007377.558000000,-10.9042,0.422913,23.786,10.9068
1357007377.702000000,-10.8812,0.462424,23.7897,10.8867
1357007377.715000000,-10.8913,0.458325,23.7916,10.8964
1357007377.727000000,-10.8916,0.450141,23.7903,10.8961
1357007377.740000000,-10.8824,0.439851,23.795,10.8862
1357007377.752000000,-10.8665,0.430753,23.809,10.8697
1357007377.764000000,-10.876,0.427637,23.8011,10.879
1357007377.779000000,-10.8692,0.418634,23.809,10.8715
1357007377.796000000,-10.8826,0.416808,23.7983,10.8848
1357007377.808000000,-10.8889,0.424291,23.7949,10.8916
1357007377.821000000,-10.8828,0.426346,23.8056,10.8857
1357007377.833000000,-10.8888,0.435162,23.7951,10.8923
1357007377.846000000,-10.8855,0.442971,23.7892,10.8896
1357007377.859000000,-10.8705,0.446737,23.8012,10.8749
1357007377.872000000,-10.8711,0.453594,23.7973,10.8759
1357007377.887000000,-10.877,0.45657,23.7976,10.8821
1357007377.899000000,-10.8813,0.466784,23.793,10.8871
1357007377.912000000,-10.8939,0.462509,23.7837,10.8993
1357007377.924000000,-10.8936,0.460945,23.7955,10.8989
1357007377.937000000,-10.8964,0.461946,23.7925,10.9017
1357007377.949000000,-10.8981,0.462109,23.7804,10.9035
1357007377.962000000,-10.8775,0.450437,23.8055,10.8821
1357007377.978000000,-10.8924,0.445832,23.7986,10.8966
1357007377.991000000,-10.8875,0.43991,23.7975,10.8913
1357007378.003000000,-10.8822,0.431899,23.8032,10.8854
1357007378.016000000,-10.8803,0.428084,23.8021,10.8833
1357007378.029000000,-10.8708,0.420724,23.8119,10.8733
1357007378.041000000,-10.8699,0.423294,23.8065,10.8726
1357007378.053000000,-10.8874,0.427573,23.7873,10.8904
1357007378.069000000,-10.8735,0.434486,23.8061,10.8769
1357007378.081000000,-10.8681,0.439369,23.8055,10.872
1357007378.094000000,-10.8723,0.448781,23.7906,10.8768
1357007378.106000000,-10.8691,0.445652,23.8051,10.8734
1357007378.121000000,-10.8698,0.457592,23.7996,10.8749
1357007378.133000000,-10.8679,0.454755,23.7974,10.8729
1357007378.145000000,-10.8626,0.461557,23.804,10.8681
1357007378.160000000,-10.8688,0.461618,23.7979,10.8742
1357007378.173000000,-10.8791,0.461281,23.8024,10.8845
1357007378.185000000,-10.8671,0.452409,23.8116,10.8719
1357007378.197000000,-10.8782,0.452465,23.7938,10.8829
1357007378.210000000,-10.8778,0.450099,23.8009,10.8824
1357007378.222000000,-10.8792,0.442082,23.8056,10.8832
1357007378.235000000,-10.8889,0.432794,23.8011,10.8922
1357007378.252000000,-10.8672,0.426563,23.8137,10.8702
1357007378.264000000,-10.8678,0.425055,23.8087,10.8706
1357007378.278000000,-10.8592,0.42855,23.8076,10.8623
1357007378.290000000,-10.8492,0.420899,23.8139,10.8518
1357007378.302000000,-10.863,0.433772,23.8068,10.8665
1357007378.315000000,-10.8626,0.435661,23.8067,10.8662
1357007378.327000000,-10.8601,0.4399,23.8069,10.864
1357007378.342000000,-10.8683,0.450355,23.7969,10.873
1357007378.355000000,-10.8673,0.449489,23.8005,10.8719
1357007378.367000000,-10.8526,0.458339,23.81,10.8578
1357007378.379000000,-10.8713,0.461215,23.7942,10.8767
1357007378.393000000,-10.8644,0.465602,23.7968,10.8701
1357007378.405000000,-10.8674,0.457685,23.8013,10.8726
1357007378.418000000,-10.8505,0.457858,23.8074,10.8557
1357007378.434000000,-10.8604,0.45177,23.8128,10.8651
1357007378.446000000,-10.8638,0.449752,23.8012,10.8684
1357007378.459000000,-10.8737,0.446683,23.8005,10.8781
1357007378.474000000,-10.8636,0.438707,23.8158,10.8675
1357007378.487000000,-10.8676,0.431775,23.8101,10.8709
1357007378.500000000,-10.8762,0.433363,23.8088,10.8796
1357007378.515000000,-10.8522,0.424676,23.8132,10.855
1357007378.529000000,-10.8595,0.427253,23.8121,10.8626
1357007378.542000000,-10.8558,0.425207,23.8202,10.8587
1357007378.554000000,-10.8669,0.432829,23.8063,10.8703
1357007378.577000000,-10.8644,0.433011,23.8119,10.8678
1357007378.606000000,-10.8787,0.444027,23.7998,10.8829
1357007378.618000000,-10.875,0.447063,23.8071,10.8794
1357007378.634000000,-10.8728,0.447366,23.8022,10.8772
1357007378.646000000,-10.8547,0.446259,23.8102,10.8591
1357007378.659000000,-10.8501,0.444943,23.8089,10.8544
1357007378.672000000,-10.8679,0.4414,23.8025,10.8719
1357007378.686000000,-10.8665,0.434207,23.8088,10.87
1357007378.698000000,-10.873,0.438661,23.804,10.8768
1357007378.711000000,-10.8687,0.432722,23.8045,10.8721
1357007378.726000000,-10.8559,0.42538,23.8159,10.8588
1357007378.739000000,-10.8674,0.427111,23.802,10.8704
1357007378.751000000,-10.8585,0.427763,23.8113,10.8615
1357007378.763000000,-10.8429,0.428592,23.819,10.8461
1357007378.776000000,-10.8593,0.436151,23.8086,10.863
1357007378.789000000,-10.8612,0.430326,23.8142,10.8644
1357007378.801000000,-10.8466,0.429534,23.8155,10.8499
1357007378.817000000,-10.855,0.438564,23.804,10.8588
1357007378.830000000,-10.841,0.437721,23.8179,10.8448
1357007378.842000000,-10.8626,0.451711,23.8015,10.8673
1357007378.855000000,-10.8646,0.44779,23.8021,10.869
1357007378.867000000,-10.8622,0.443713,23.8108,10.8664
1357007378.880000000,-10.8724,0.44605,23.7986,10.8767
1357007378.892000000,-10.8764,0.449077,23.797,10.8809
1357007378.908000000,-10.877,0.441635,23.8052,10.881
1357007378.920000000,-10.8846,0.446667,23.7951,10.8889
1357007378.932000000,-10.8847,0.444673,23.7987,10.8889
1357007378.946000000,-10.88,0.434908,23.805,10.8835
1357007378.959000000,-10.8812,0.43905,23.8015,10.885
1357007378.971000000,-10.8694,0.430089,23.8115,10.8726
1357007378.984000000,-10.8699,0.429014,23.8162,10.8731
1357007378.999000000,-10.8711,0.431405,23.8039,10.8744
1357007379.012000000,-10.8532,0.425445,23.8123,10.8561
1357007379.024000000,-10.8669,0.431958,23.8037,10.8702
1357007379.037000000,-10.8625,0.43291,23.8098,10.866
1357007379.049000000,-10.8519,0.430084,23.811,10.8551
1357007379.061000000,-10.8635,0.439454,23.8049,10.8674
1357007379.074000000,-10.8598,0.435976,23.804,10.8634
1357007379.091000000,-10.8598,0.444955,23.8078,10.864
1357007379.103000000,-10.8718,0.449534,23.793,10.8764
1357007379.116000000,-10.8598,0.443637,23.8044,10.864
1357007379.128000000,-10.8683,0.449707,23.8097,10.8729
1357007379.141000000,-10.8682,0.452043,23.7974,10.8729
1357007379.153000000,-10.8697,0.443342,23.8089,10.8739
1357007379.166000000,-10.8587,0.439335,23.8108,10.8625
1357007379.181000000,-10.8688,0.438331,23.8029,10.8726
1357007379.194000000,-10.8746,0.438616,23.8072,10.8784
1357007379.206000000,-10.8752,0.437281,23.8048,10.8789
1357007379.219000000,-10.872,0.431634,23.8017,10.8753
1357007379.232000000,-10.87,0.431461,23.8164,10.8733
1357007379.244000000,-10.8745,0.434709,23.8024,10.878
1357007379.257000000,-10.8679,0.431616,23.8064,10.8712
1357007379.272000000,-10.8713,0.432324,23.8098,10.8746
1357007379.285000000,-10.882,0.435068,23.8011,10.8855
1357007379.297000000,-10.8783,0.435825,23.8142,10.8819
1357007379.310000000,-10.8723,0.439251,23.8135,10.8761
1357007379.322000000,-10.8835,0.439963,23.81,10.8873
1357007379.335000000,-10.8723,0.43796,23.8093,10.8761
1357007379.348000000,-10.8813,0.442653,23.807,10.8854
1357007379.364000000,-10.8918,0.442802,23.8073,10.8959
1357007379.381000000,-10.8792,0.438712,23.8112,10.883
1357007379.394000000,-10.8901,0.436121,23.8021,10.8937
1357007379.406000000,-10.8825,0.436969,23.8067,10.8861
1357007379.419000000,-10.8849,0.438319,23.8049,10.8886
1357007379.431000000,-10.8921,0.430323,23.8017,10.8952
1357007379.443000000,-10.8825,0.426712,23.8139,10.8854
1357007379.459000000,-10.8967,0.43209,23.8077,10.9
1357007379.472000000,-10.884,0.422271,23.813,10.8866
1357007379.484000000,-10.8821,0.428855,23.8166,10.8852
1357007379.499000000,-10.876,0.438374,23.8109,10.8798
1357007379.512000000,-10.8796,0.433046,23.8172,10.883
1357007379.525000000,-10.8748,0.434985,23.813,10.8784
1357007379.537000000,-10.8933,0.43894,23.8028,10.8971
1357007379.553000000,-10.8771,0.438644,23.8118,10.8808
1357007379.566000000,-10.8722,0.439429,23.8092,10.876
1357007379.581000000,-10.8817,0.439875,23.8035,10.8856
1357007379.597000000,-10.8696,0.444074,23.8048,10.8738
1357007379.610000000,-10.8766,0.448882,23.8004,10.8811
1357007379.632000000,-10.8713,0.445995,23.8107,10.8756
1357007379.644000000,-10.8819,0.44308,23.8017,10.886
1357007379.659000000,-10.8724,0.437942,23.8119,10.8762
1357007379.679000000,-10.8696,0.431425,23.8032,10.8729
1357007379.695000000,-10.872,0.432554,23.8113,10.8754
1357007379.709000000,-10.8689,0.431629,23.8111,10.8722
1357007379.721000000,-10.8725,0.431036,23.8044,10.8757
1357007379.733000000,-10.8513,0.424793,23.821,10.8542
1357007379.746000000,-10.8557,0.430028,23.8097,10.8589
1357007379.762000000,-10.8598,0.425292,23.809,10.8627
1357007379.776000000,-10.8467,0.430354,23.8233,10.85
1357007379.788000000,-10.8572,0.438105,23.802,10.861
1357007379.800000000,-10.8567,0.436379,23.81,10.8603
1357007379.813000000,-10.8681,0.440583,23.8026,10.872
1357007379.825000000,-10.8682,0.437715,23.803,10.872
1357007379.837000000,-10.8591,0.439128,23.8109,10.863
1357007379.853000000,-10.8653,0.438798,23.7994,10.8691
1357007379.865000000,-10.8807,0.4386,23.8035,10.8844
1357007379.878000000,-10.852,0.434173,23.8102,10.8555
1357007379.890000000,-10.886,0.430983,23.8004,10.8892
1357007379.903000000,-10.8675,0.433764,23.8109,10.8709
1357007379.916000000,-10.8643,0.43214,23.8124,10.8677
1357007379.929000000,-10.8741,0.429747,23.8004,10.8772
1357007379.945000000,-10.869,0.428761,23.8126,10.8721
1357007379.957000000,-10.8626,0.430647,23.8046,10.8658
1357007379.970000000,-10.8653,0.430758,23.8057,10.8686
1357007379.982000000,-10.8546,0.427418,23.812,10.8577
1357007379.995000000,-10.8582,0.43199,23.803,10.8616
1357007380.007000000,-10.8802,0.436446,23.8007,10.8838
1357007380.019000000,-10.8707,0.43305,23.8044,10.8741
1357007380.035000000,-10.8755,0.437889,23.7901,10.8792
1357007380.048000000,-10.8709,0.440664,23.7979,10.8748
1357007380.060000000,-10.8649,0.44706,23.8051,10.8693
1357007380.073000000,-10.8721,0.44567,23.7978,10.8764
1357007380.085000000,-10.8737,0.442754,23.8016,10.8778
1357007380.098000000,-10.8665,0.44418,23.8043,10.8707
1357007380.110000000,-10.8809,0.440576,23.8041,10.8848
1357007380.126000000,-10.8762,0.441643,23.8108,10.8802
1357007380.138000000,-10.8782,0.439683,23.8016,10.8821
1357007380.150000000,-10.886,0.438482,23.7987,10.8897
1357007380.163000000,-10.8664,0.434019,23.8136,10.8699
1357007380.176000000,-10.8758,0.431382,23.8064,10.8791
1357007380.189000000,-10.8709,0.430306,23.8038,10.8741
1357007380.204000000,-10.8597,0.43143,23.8136,10.863
1357007380.217000000,-10.8702,0.436214,23.8056,10.8739
1357007380.230000000,-10.8642,0.432708,23.8142,10.8676
1357007380.242000000,-10.8531,0.43467,23.8165,10.8567
1357007380.254000000,-10.8736,0.439728,23.804,10.8775
1357007380.267000000,-10.8641,0.434074,23.813,10.8676
1357007380.280000000,-10.8564,0.433104,23.818,10.8598
1357007380.295000000,-10.8789,0.434294,23.8027,10.8824
1357007380.308000000,-10.851,0.432015,23.821,10.8544
1357007380.321000000,-10.8683,0.436751,23.8086,10.872
1357007380.333000000,-10.8675,0.437846,23.8073,10.8713
1357007380.346000000,-10.8707,0.438496,23.8161,10.8745
1357007380.359000000,-10.864,0.434756,23.812,10.8676
1357007380.371000000,-10.8809,0.431086,23.8093,10.8841
1357007380.387000000,-10.8646,0.429626,23.8147,10.8678
1357007380.400000000,-10.8746,0.427535,23.8059,10.8776
1357007380.412000000,-10.8755,0.425824,23.8117,10.8784
1357007380.425000000,-10.8524,0.422797,23.8205,10.8551
1357007380.438000000,-10.8657,0.430698,23.8077,10.869
1357007380.450000000,-10.8501,0.427639,23.8246,10.8531
1357007380.464000000,-10.8554,0.424902,23.8202,10.8582
1357007380.480000000,-10.8628,0.429791,23.8124,10.8659
1357007380.493000000,-10.8535,0.428258,23.8216,10.8566
1357007380.506000000,-10.8565,0.437146,23.8144,10.8602
1357007380.519000000,-10.8532,0.431263,23.8191,10.8565
1357007380.531000000,-10.8468,0.443166,23.8222,10.851
1357007380.544000000,-10.8552,0.438831,23.8159,10.859
1357007380.557000000,-10.8522,0.438793,23.8201,10.8561
1357007380.572000000,-10.8491,0.433522,23.8243,10.8526
1357007380.585000000,-10.8643,0.437652,23.818,10.8681
1357007380.598000000,-10.8585,0.431335,23.8232,10.8618
1357007380.611000000,-10.8634,0.431213,23.8136,10.8667
1357007380.623000000,-10.8699,0.43713,23.8118,10.8736
1357007380.635000000,-10.8613,0.429344,23.8231,10.8645
1357007380.648000000,-10.8454,0.426766,23.8153,10.8484
1357007380.664000000,-10.8495,0.420687,23.8214,10.8521
1357007380.677000000,-10.8407,0.421106,23.823,10.8434
1357007380.705000000,-10.8434,0.426541,23.8216,10.8464
1357007380.718000000,-10.8364,0.426989,23.8177,10.8395
1357007380.730000000,-10.8453,0.427719,23.8175,10.8484
1357007380.744000000,-10.8275,0.43032,23.8295,10.8308
1357007380.756000000,-10.8356,0.429074,23.8213,10.8388
1357007380.771000000,-10.8581,0.437777,23.8176,10.8619
1357007380.795000000,-10.8477,0.429901,23.8203,10.851
1357007380.807000000,-10.8444,0.431515,23.8229,10.8477
1357007380.820000000,-10.8375,0.42874,23.819,10.8407
1357007380.833000000,-10.8512,0.427959,23.8159,10.8543
1357007380.845000000,-10.8509,0.42757,23.822,10.8539
1357007380.857000000,-10.8415,0.427573,23.822,10.8446
1357007380.874000000,-10.8529,0.427506,23.8131,10.8559
1357007380.887000000,-10.8378,0.426254,23.8257,10.8408
1357007380.899000000,-10.8537,0.424512,23.8129,10.8566
1357007380.912000000,-10.8505,0.421976,23.8179,10.8532
1357007380.924000000,-10.8405,0.421151,23.8289,10.8431
1357007380.937000000,-10.843,0.426081,23.8171,10.846
1357007380.949000000,-10.8507,0.426106,23.8161,10.8537
1357007380.965000000,-10.8447,0.427631,23.823,10.8478
1357007380.978000000,-10.8432,0.428259,23.8163,10.8464
1357007380.990000000,-10.8416,0.433713,23.8206,10.8451
1357007381.003000000,-10.8375,0.432133,23.82,10.8409
1357007381.016000000,-10.8572,0.434311,23.8059,10.8607
1357007381.028000000,-10.851,0.429716,23.8175,10.8542
1357007381.041000000,-10.8523,0.431469,23.8153,10.8557
1357007381.056000000,-10.8558,0.431432,23.8029,10.8591
1357007381.069000000,-10.8442,0.426598,23.8241,10.8472
1357007381.081000000,-10.8533,0.431973,23.8152,10.8566
1357007381.094000000,-10.8585,0.4349,23.8194,10.862
1357007381.107000000,-10.8551,0.432652,23.8253,10.8585
1357007381.119000000,-10.8572,0.429499,23.8166,10.8604
1357007381.132000000,-10.8507,0.430378,23.8169,10.854
1357007381.147000000,-10.8463,0.431475,23.8213,10.8496
1357007381.160000000,-10.863,0.431255,23.807,10.8663
1357007381.173000000,-10.8574,0.434019,23.821,10.8609
1357007381.185000000,-10.8689,0.442316,23.8172,10.873
1357007381.198000000,-10.8671,0.436344,23.8089,10.8708
1357007381.210000000,-10.8553,0.434051,23.816,10.8588
1357007381.223000000,-10.8553,0.433398,23.8145,10.8588
1357007381.238000000,-10.8605,0.441974,23.8107,10.8645
1357007381.251000000,-10.852,0.440252,23.819,10.856
1357007381.263000000,-10.8589,0.437286,23.8151,10.8626
1357007381.276000000,-10.8664,0.440433,23.8167,10.8703
1357007381.289000000,-10.8466,0.430591,23.8324,10.8499
1357007381.301000000,-10.8627,0.432389,23.8132,10.8661
1357007381.314000000,-10.8543,0.435404,23.8242,10.8579
1357007381.330000000,-10.8561,0.429289,23.823,10.8592
1357007381.342000000,-10.8535,0.430804,23.8194,10.8568
1357007381.355000000,-10.8496,0.426383,23.8268,10.8526
1357007381.367000000,-10.8559,0.424866,23.819,10.8588
1357007381.380000000,-10.8592,0.426056,23.8121,10.8621
1357007381.394000000,-10.8542,0.424843,23.8201,10.8571
1357007381.406000000,-10.8576,0.422632,23.8132,10.8603
1357007381.422000000,-10.8581,0.422984,23.8187,10.8608
1357007381.435000000,-10.8475,0.42534,23.8242,10.8504
1357007381.448000000,-10.873,0.42723,23.8076,10.876
1357007381.462000000,-10.8651,0.427084,23.8117,10.8681
1357007381.474000000,-10.8747,0.429956,23.8091,10.8779
1357007381.487000000,-10.8817,0.431422,23.8044,10.885
1357007381.499000000,-10.8745,0.43104,23.8057,10.8778
1357007381.514000000,-10.8765,0.427743,23.7957,10.8795
1357007381.527000000,-10.8922,0.436483,23.7982,10.8958
1357007381.540000000,-10.8686,0.432781,23.8073,10.872
1357007381.553000000,-10.8751,0.43102,23.8017,10.8783
1357007381.566000000,-10.8608,0.427888,23.7997,10.8638
1357007381.580000000,-10.8332,0.421337,23.8199,10.8359
1357007381.592000000,-10.8397,0.425934,23.8104,10.8426
1357007381.608000000,-10.8379,0.420637,23.8169,10.8405
1357007381.620000000,-10.833,0.421734,23.8214,10.8357
1357007381.633000000,-10.8467,0.424929,23.8095,10.8496
1357007381.645000000,-10.8411,0.416018,23.8217,10.8433
1357007381.657000000,-10.8404,0.424286,23.8151,10.8433
1357007381.670000000,-10.8565,0.426086,23.8108,10.8595
1357007381.685000000,-10.851,0.425407,23.8173,10.8539
1357007381.698000000,-10.8581,0.428624,23.8089,10.8612
1357007381.713000000,-10.8535,0.429709,23.8143,10.8567
1357007381.726000000,-10.8462,0.425293,23.8217,10.8491
1357007381.738000000,-10.8434,0.434672,23.8077,10.847
1357007381.751000000,-10.8392,0.429606,23.8203,10.8425
1357007381.763000000,-10.8293,0.430315,23.822,10.8326
1357007381.779000000,-10.8445,0.432913,23.8115,10.8479
1357007381.792000000,-10.8429,0.431166,23.8195,10.8463
1357007381.806000000,-10.8576,0.431766,23.8115,10.861
1357007381.818000000,-10.8547,0.427654,23.8187,10.8578
1357007381.837000000,-10.8423,0.4274,23.8152,10.8454
1357007381.851000000,-10.8535,0.431166,23.8158,10.8568
1357007381.863000000,-10.8344,0.424568,23.8261,10.8373
1357007381.878000000,-10.8483,0.426774,23.8122,10.8513
1357007381.901000000,-10.8437,0.427154,23.8194,10.8468
1357007381.914000000,-10.8401,0.431836,23.8134,10.8435
1357007381.928000000,-10.8323,0.426289,23.8279,10.8353
1357007381.940000000,-10.8339,0.430796,23.8201,10.8372
1357007381.953000000,-10.8396,0.429436,23.8128,10.8428
1357007381.965000000,-10.8385,0.432124,23.8248,10.8419
1357007381.982000000,-10.8383,0.433791,23.82,10.8418
1357007381.995000000,-10.848,0.436155,23.8185,10.8517
1357007382.007000000,-10.8393,0.437715,23.8242,10.8431
1357007382.019000000,-10.8465,0.439726,23.8143,10.8505
1357007382.032000000,-10.8459,0.430854,23.8192,10.8492
1357007382.044000000,-10.8489,0.439283,23.8223,10.8528
1357007382.056000000,-10.867,0.43835,23.804,10.8708
1357007382.072000000,-10.858,0.427039,23.8218,10.861
1357007382.085000000,-10.8591,0.429821,23.8158,10.8623
1357007382.097000000,-10.8612,0.427711,23.8078,10.8643
1357007382.109000000,-10.8547,0.424292,23.82,10.8575
1357007382.123000000,-10.8561,0.427177,23.8132,10.8592
1357007382.135000000,-10.8746,0.429306,23.8013,10.8777
1357007382.148000000,-10.8593,0.432568,23.8159,10.8626
1357007382.164000000,-10.8768,0.433255,23.8006,10.8802
1357007382.176000000,-10.87,0.435423,23.8044,10.8735
1357007382.189000000,-10.8561,0.42983,23.8137,10.8593
1357007382.201000000,-10.8643,0.437867,23.8023,10.868
1357007382.214000000,-10.8624,0.439507,23.8106,10.8663
1357007382.227000000,-10.8513,0.433032,23.8122,10.8547
1357007382.240000000,-10.8688,0.436932,23.805,10.8724
1357007382.258000000,-10.8532,0.427663,23.8159,10.8563
1357007382.271000000,-10.8559,0.433067,23.8106,10.8593
1357007382.284000000,-10.866,0.436102,23.813,10.8697
1357007382.297000000,-10.8591,0.428663,23.82,10.8623
1357007382.310000000,-10.8729,0.433091,23.8068,10.8763
1357007382.323000000,-10.8618,0.42502,23.8159,10.8646
1357007382.336000000,-10.8503,0.426391,23.8207,10.8533
1357007382.352000000,-10.8651,0.431125,23.8114,10.8684
1357007382.365000000,-10.8388,0.424704,23.8305,10.8417
1357007382.378000000,-10.8441,0.426172,23.8198,10.8471
1357007382.392000000,-10.8499,0.429899,23.8195,10.8531
1357007382.406000000,-10.8439,0.425337,23.8262,10.8468
1357007382.419000000,-10.8554,0.434032,23.814,10.859
1357007382.432000000,-10.8581,0.428346,23.8221,10.8612
1357007382.448000000,-10.8508,0.433705,23.8158,10.8543
1357007382.462000000,-10.8527,0.425536,23.8134,10.8556
1357007382.476000000,-10.8472,0.424,23.8283,10.8501
1357007382.489000000,-10.8571,0.429436,23.8061,10.8602
1357007382.503000000,-10.8692,0.428865,23.8122,10.8723
1357007382.516000000,-10.8543,0.42337,23.8182,10.8571
1357007382.530000000,-10.8624,0.425654,23.8165,10.8653
1357007382.546000000,-10.8433,0.422455,23.8271,10.846
1357007382.560000000,-10.8434,0.423972,23.8174,10.8462
1357007382.573000000,-10.8455,0.420043,23.8242,10.848
1357007382.587000000,-10.8324,0.414411,23.8313,10.8345
1357007382.600000000,-10.8416,0.420403,23.8171,10.8442
1357007382.613000000,-10.8289,0.422899,23.829,10.8317
1357007382.626000000,-10.8183,0.416785,23.8398,10.8207
1357007382.642000000,-10.8299,0.423197,23.8229,10.8327
1357007382.655000000,-10.8151,0.422802,23.839,10.8179
1357007382.669000000,-10.8242,0.421541,23.829,10.8269
1357007382.683000000,-10.8278,0.42854,23.8288,10.831
1357007382.696000000,-10.83,0.431736,23.8302,10.8334
1357007382.709000000,-10.8425,0.433954,23.8183,10.8461
1357007382.722000000,-10.8358,0.434841,23.8292,10.8394
1357007382.739000000,-10.8417,0.432057,23.8233,10.8451
1357007382.752000000,-10.8385,0.431958,23.8228,10.8419
1357007382.765000000,-10.828,0.43372,23.8383,10.8316
1357007382.779000000,-10.8254,0.431705,23.8307,10.8288
1357007382.792000000,-10.8202,0.429333,23.8282,10.8235
1357007382.806000000,-10.832,0.42736,23.8274,10.8351
1357007382.820000000,-10.829,0.433766,23.8277,10.8326
1357007382.836000000,-10.8228,0.431403,23.8358,10.8262
1357007382.862000000,-10.8364,0.426806,23.8236,10.8395
1357007382.875000000,-10.815,0.422282,23.8364,10.8178
1357007382.890000000,-10.8252,0.428607,23.8239,10.8284
1357007382.907000000,-10.7572,0.398734,23.8798,10.7585
1357007382.921000000,-10.4001,0.305213,24.1104,10.3956
1357007382.940000000,-9.55633,0.28013,24.6708,9.55221
1357007382.955000000,-8.54919,-0.0697867,25.1262,8.52284
1357007382.969000000,-7.49055,0.290193,25.456,7.49232
1357007382.983000000,-6.67183,0.268488,25.6487,6.67411
1357007383.008000000,-4.90501,-0.0123898,25.7885,4.89185
1357007383.023000000,-4.69533,0.441786,26.3819,4.71482
1357007383.039000000,-5.5694,-0.00840747,26.26,5.55485
1357007383.056000000,-6.40547,-0.508505,26.1748,6.35345
1357007383.070000000,-6.42107,-0.650443,26.5568,6.35897
1357007383.085000000,-5.60088,-1.03393,26.7663,5.51371
1357007383.107000000,-4.23849,-1.14653,28.0639,4.14677
1357007383.121000000,-3.5193,-1.23251,27.5456,3.4233
1357007383.135000000,-2.79972,-0.646292,27.2246,2.74699
1357007383.151000000,-2.07222,-0.122302,27.2232,2.05838
1357007383.169000000,-1.60209,-0.536557,27.4037,1.56013
1357007383.183000000,-1.2434,0.0132234,27.3071,1.24122
1357007383.197000000,-1.77158,0.93067,27.9489,1.83297
1357007383.211000000,-1.07677,0.994171,28.2038,1.1444
1357007383.226000000,-0.73792,1.81754,28.588,0.864639
1357007383.240000000,-0.865569,1.95203,28.6827,1.00148
1357007383.254000000,-0.481208,0.836459,28.2613,0.539172
1357007383.273000000,-1.58452,0.219379,27.9838,1.59607
1357007383.287000000,-1.82036,-0.279971,27.9594,1.796
1357007383.301000000,-2.46934,-0.815568,28.336,2.40546
1357007383.315000000,-3.15185,-2.19203,28.0688,2.98889
1357007383.329000000,-3.60069,-2.38933,28.4625,3.42266
1357007383.342000000,-3.2913,-2.93608,28.5192,3.07536
1357007383.363000000,-3.40123,-3.17204,28.6356,3.16833
1357007383.381000000,-3.24371,-3.15871,28.4194,3.01215
1357007383.396000000,-2.19513,-2.74534,28.4384,1.99544
1357007383.410000000,-1.98748,-1.91437,28.5093,1.84708
1357007383.424000000,-1.74484,-1.8438,28.424,1.61004
1357007383.438000000,-1.58696,-1.3147,28.1925,1.48999
1357007383.453000000,-1.91745,-0.333268,28.3946,1.88907
1357007383.467000000,-1.68415,0.337546,28.4805,1.70381
1357007383.484000000,-1.27772,1.15338,28.6493,1.3561
1357007383.499000000,-1.56702,1.05715,28.4993,1.63787
1357007383.515000000,-0.96803,0.990235,28.2349,1.03565
1357007383.529000000,-1.17141,0.888352,28.3613,1.23131
1357007383.544000000,-1.80137,0.468185,28.2414,1.82997
1357007383.558000000,-1.97016,-0.272709,27.7865,1.94593
1357007383.573000000,-2.29434,-0.715195,28.3303,2.23801
1357007383.590000000,-2.69049,-0.854198,28.4036,2.62333
1357007383.603000000,-2.47462,-1.69891,28.1782,2.34824
1357007383.618000000,-2.75236,-1.66725,28.319,2.62753
1357007383.634000000,-2.55703,-2.15286,27.849,2.39834
1357007383.648000000,-1.83039,-2.35464,27.9518,1.65924
1357007383.662000000,-2.31308,-1.84208,27.8858,2.17698
1357007383.676000000,-2.5899,-1.70866,27.5705,2.46255
1357007383.693000000,-2.5324,-1.48406,27.8244,2.42108
1357007383.707000000,-3.389,-0.860805,28.0718,3.31962
1357007383.721000000,-2.64982,-0.093805,28.3297,2.63655
1357007383.735000000,-2.30428,0.218806,28.3944,2.31398
1357007383.750000000,-3.00443,0.487792,28.259,3.03141
1357007383.764000000,-1.95825,0.686724,28.1331,2.00192
1357007383.781000000,-2.01859,0.397509,28.2187,2.04165
1357007383.798000000,-2.04025,0.592191,28.1754,2.07703
1357007383.812000000,-2.19516,0.306718,28.1302,2.21136
1357007383.826000000,-2.63344,0.171149,27.9339,2.63895
1357007383.841000000,-1.91639,-0.134215,27.8978,1.9021
1357007383.855000000,-1.60181,-0.715757,28.0386,1.54717
1357007383.870000000,-1.64413,-1.26713,28.0278,1.55038
1357007383.891000000,-1.67787,-1.47993,27.9941,1.56898
1357007383.908000000,-3.11696,-1.352,27.9479,3.01351
1357007383.923000000,-3.63298,-1.57069,27.8874,3.51278
1357007383.937000000,-4.30996,-1.49739,27.6374,4.19324
1357007383.951000000,-5.08206,-1.01195,27.7485,4.99775
1357007383.965000000,-4.92081,-0.764211,28.0877,4.85443
1357007383.978000000,-4.31665,-1.11125,27.8686,4.22723
1357007383.995000000,-3.56777,-0.833259,27.8894,3.49989
1357007384.015000000,-2.49487,-0.0210494,27.6819,2.48714
1357007384.029000000,-2.72903,0.897791,27.9517,2.7857
1357007384.043000000,-2.42184,0.759478,27.9746,2.4695
1357007384.058000000,-1.33396,1.44093,28.1765,1.43255
1357007384.072000000,-0.681113,1.61208,28.2389,0.79344
1357007384.087000000,0.346729,0.995582,27.5744,-0.275436
1357007384.102000000,0.200648,1.27908,27.926,-0.109667
1357007384.130000000,-0.874104,0.172589,27.8857,0.884123
1357007384.145000000,-2.32511,0.251392,28.0506,2.33707
1357007384.159000000,-3.11699,-1.11672,27.5434,3.03019
1357007384.174000000,-4.43997,-1.25383,28.1262,4.34016
1357007384.187000000,-6.02147,-1.35766,28.2041,5.91035
1357007384.202000000,-6.74591,-1.5667,27.9108,6.61818
1357007384.216000000,-6.61263,-1.90425,27.6336,6.46137
1357007384.229000000,-5.98443,-1.78264,28.0134,5.84334
1357007384.249000000,-4.23288,-2.08048,28.2576,4.07511
1357007384.263000000,-3.61505,-2.02343,27.859,3.46286
1357007384.277000000,-2.59042,-0.802634,27.5618,2.52715
1357007384.291000000,-1.89668,-0.12372,27.6318,1.88317
1357007384.305000000,-0.936111,0.759485,28.3963,0.98749
1357007384.319000000,0.202629,1.13651,28.4139,-0.121728
1357007384.334000000,1.58056,1.84919,28.5145,-1.44579
1357007384.351000000,1.72671,2.23544,27.8922,-1.56426
1357007384.367000000,1.37584,2.08941,27.8059,-1.2246
1357007384.381000000,0.081495,2.13688,27.7383,0.0698658
1357007384.396000000,-0.741465,1.66775,27.6359,0.85758
1357007384.410000000,-1.90703,1.14127,27.9336,1.98299
1357007384.423000000,-3.68851,0.532681,27.7834,3.71695
1357007384.437000000,-4.8883,-0.515185,27.967,4.83961
1357007384.455000000,-5.93564,-0.894378,28.1491,5.85751
1357007384.469000000,-6.97764,-1.34092,27.8836,6.86531
1357007384.485000000,-6.25136,-2.21901,27.6605,6.07873
1357007384.499000000,-5.72888,-2.44791,27.7613,5.54137
1357007384.512000000,-5.39583,-2.13045,27.754,5.23161
1357007384.527000000,-4.0516,-2.02259,27.4064,3.89838
1357007384.541000000,-3.24304,-1.59401,27.4232,3.12216
1357007384.558000000,-2.52701,-0.656557,27.6991,2.47423
1357007384.573000000,-0.421572,-0.145571,27.9396,0.410219
1357007384.587000000,0.461757,0.932467,27.9098,-0.39464
1357007384.602000000,0.704083,1.95924,28.0391,-0.563728
1357007384.618000000,0.970884,1.81191,28.157,-0.840283
1357007384.632000000,0.12772,1.47279,27.8869,-0.0232186
1357007384.645000000,-1.26786,2.25147,28.2136,1.42394
1357007384.660000000,-1.80467,2.52891,28.0405,1.97904
1357007384.677000000,-4.30345,1.45949,28.1721,4.39591
1357007384.691000000,-4.97112,0.832897,28.2584,5.01759
1357007384.705000000,-4.81534,0.273879,28.0358,4.82265
1357007384.720000000,-4.80578,-0.723626,27.7866,4.74255
1357007384.735000000,-5.60437,-2.12577,27.7001,5.43996
1357007384.749000000,-5.02855,-2.58101,27.5091,4.83338
1357007384.764000000,-3.94476,-1.52599,27.7568,3.82694
1357007384.781000000,-3.28904,-1.15798,28.1387,3.19889
1357007384.795000000,-1.72032,-1.22358,27.9568,1.62946
1357007384.809000000,-0.585682,-0.337979,28.0719,0.560307
1357007384.822000000,0.441449,0.149891,27.6581,-0.429741
1357007384.838000000,0.819255,0.851599,27.615,-0.756963
1357007384.852000000,0.600485,1.42899,27.9168,-0.497899
1357007384.866000000,1.12517,2.02305,27.9981,-0.979242
1357007384.883000000,-0.156114,1.84186,28.055,0.286012
1357007384.899000000,-1.41349,0.969139,28.0208,1.47851
1357007384.913000000,-2.75678,1.19553,28.3377,2.83444
1357007384.927000000,-3.79593,1.43751,28.3701,3.88811
1357007384.940000000,-4.38107,0.637892,28.2948,4.41521
1357007384.956000000,-5.19763,-0.172242,28.2661,5.17243
1357007384.973000000,-5.6747,-0.662288,28.2748,5.61364
1357007384.987000000,-5.27608,-1.71169,27.6031,5.14178
1357007385.005000000,-4.61808,-1.81461,27.7823,4.47815
1357007385.019000000,-4.31397,-1.50116,28.0931,4.19698
1357007385.033000000,-2.97995,-1.3305,27.6401,2.87837
1357007385.049000000,-2.19594,0.102362,28.0592,2.19768
1357007385.063000000,-0.856321,0.484009,27.8686,0.888413
1357007385.078000000,0.21365,0.334259,28.171,-0.189471
1357007385.092000000,0.438222,0.952129,28.2551,-0.369773
1357007385.110000000,0.841697,1.46725,28.053,-0.735799
1357007385.125000000,0.567285,1.69163,28.0746,-0.446202
1357007385.140000000,-1.17302,1.7627,28.2458,1.29477
1357007385.154000000,-2.08123,1.29812,28.4622,2.16785
1357007385.168000000,-2.69384,1.39528,28.5539,2.78579
1357007385.182000000,-3.98933,1.45058,28.4938,4.08195
1357007385.198000000,-4.78923,-0.0287139,28.1345,4.7752
1357007385.225000000,-4.73751,-0.744955,28.1694,4.67295
1357007385.242000000,-4.75115,-0.746445,28.0942,4.68645
1357007385.257000000,-3.62974,-0.725908,28.0556,3.5693
1357007385.270000000,-3.40024,-0.758165,27.8899,3.33809
1357007385.284000000,-2.07388,-0.745503,27.8803,2.01595
1357007385.298000000,-0.788023,-0.764881,28.0184,0.731943
1357007385.313000000,-0.00390753,0.0466634,28.0861,0.00719858
1357007385.328000000,0.34716,-0.208008,28.11,-0.361004
1357007385.345000000,1.15858,0.957257,28.4399,-1.08796
1357007385.359000000,0.0796494,1.09795,28.2086,-0.00178422
1357007385.373000000,-0.615704,0.880857,28.4929,0.676471
1357007385.388000000,-2.03779,1.19745,28.3734,2.11739
1357007385.402000000,-3.37655,1.6073,28.6297,3.48179
1357007385.415000000,-4.08655,0.999033,28.3572,4.14698
1357007385.429000000,-4.33804,0.836115,28.4235,4.38632
1357007385.448000000,-5.11592,-0.286842,28.1714,5.08282
1357007385.463000000,-4.89939,-0.414544,28.0355,4.85779
1357007385.477000000,-4.40359,-0.217757,27.9901,4.37715
1357007385.491000000,-3.93883,-0.100627,28.3361,3.92184
1357007385.504000000,-3.18611,0.159435,28.3381,3.1894
1357007385.518000000,-2.06284,0.548887,28.4162,2.09649
1357007385.533000000,-0.460386,0.117141,28.2259,0.467519
1357007385.551000000,1.48494,0.0274619,28.6323,-1.47928
1357007385.566000000,2.19635,-0.484516,28.3259,-2.22512
1357007385.580000000,2.21864,-0.0119873,28.5178,-2.21393
1357007385.595000000,1.61988,0.967723,28.7969,-1.54737
1357007385.609000000,0.503582,0.834074,28.2776,-0.44332
1357007385.623000000,-1.24049,0.750344,28.4911,1.29046
1357007385.637000000,-2.75416,0.663281,28.7705,2.79418
1357007385.651000000,-3.9888,1.05904,28.8288,4.05372
1357007385.669000000,-5.06949,1.06764,28.5283,5.13231
1357007385.684000000,-5.68268,0.790949,28.4327,5.72439
1357007385.698000000,-5.64368,0.166877,28.3251,5.64134
1357007385.712000000,-5.44613,-0.545267,28.1894,5.39392
1357007385.726000000,-4.64691,-0.591716,28.2543,4.59341
1357007385.740000000,-3.95013,-0.81742,28.3641,3.88241
1357007385.755000000,-3.02652,-1.0109,28.1833,2.94743
1357007385.773000000,-1.706,-0.220174,28.6582,1.68616
1357007385.787000000,0.0442848,-0.362091,28.3916,-0.0697872
1357007385.803000000,1.67832,-0.315592,28.7829,-1.69644
1357007385.817000000,1.98617,0.186734,29.1725,-1.96799
1357007385.831000000,1.69527,0.4375,28.94,-1.66008
1357007385.845000000,1.59316,0.415787,28.8766,-1.55975
1357007385.859000000,0.575836,1.26329,29.328,-0.485032
1357007385.877000000,-0.785559,1.9343,29.0048,0.920418
1357007385.891000000,-1.4706,1.15217,28.6356,1.54842
1357007385.905000000,-2.13207,1.18333,29.0745,2.21043
1357007385.921000000,-2.82432,0.63506,29.081,2.86217
1357007385.935000000,-2.96785,-0.28268,28.5804,2.94042
1357007385.949000000,-3.70524,-0.247599,28.6112,3.67845
1357007385.963000000,-4.59185,-0.347024,28.4974,4.5558
1357007385.977000000,-4.56974,-1.05297,28.5924,4.48381
1357007385.994000000,-3.91626,-0.395925,28.7924,3.87844
1357007386.008000000,-3.34872,-0.303551,28.8199,3.31886
1357007386.034000000,-1.66606,-0.378187,28.8162,1.63513
1357007386.049000000,-1.1527,-0.233122,28.9227,1.13332
1357007386.063000000,0.0337925,-0.303953,28.9924,-0.0552086
1357007386.077000000,0.316034,0.372811,28.9866,-0.288871
1357007386.091000000,0.231317,0.710442,28.9743,-0.180482
1357007386.108000000,-0.0920229,0.794815,29.3661,0.148015
1357007386.121000000,-0.941159,1.49379,29.2376,1.04447
1357007386.135000000,-1.52012,1.42231,29.0634,1.61692
1357007386.152000000,-2.16774,0.724219,28.7753,2.21354
1357007386.167000000,-2.13545,0.107047,29.0843,2.13767
1357007386.181000000,-2.12253,-0.395891,29.0202,2.08921
1357007386.195000000,-2.29471,-0.475443,28.8614,2.25533
1357007386.213000000,-3.04294,-0.168339,28.7356,3.02341
1357007386.228000000,-2.54749,0.169133,28.7219,2.55307
1357007386.244000000,-1.71139,-0.230778,28.9514,1.69078
1357007386.258000000,-0.682621,-0.61852,28.979,0.637159
1357007386.273000000,0.151651,-0.528327,29.1987,-0.188643
1357007386.288000000,0.909571,-1.07729,29.0302,-0.983497
1357007386.302000000,1.08017,-0.637063,29.1477,-1.12252
1357007386.318000000,0.14694,-0.128447,29.1315,-0.155657
1357007386.346000000,-1.49568,0.34718,29.2782,1.51649
1357007386.360000000,-2.52226,0.786954,29.4977,2.57161
1357007386.376000000,-3.5479,0.712891,29.2585,3.58945
1357007386.389000000,-3.96209,1.04404,28.9907,4.02601
1357007386.405000000,-4.59812,1.14981,28.8873,4.66794
1357007386.420000000,-4.1479,0.704343,28.6901,4.18733
1357007386.435000000,-3.31405,-0.0722586,28.6492,3.30063
1357007386.453000000,-2.35886,-0.226529,29.0065,2.33692
1357007386.467000000,-1.98849,0.0577921,29.3081,1.98759
1357007386.481000000,-0.745137,0.0330134,29.152,0.745605
1357007386.495000000,0.228504,0.262736,29.3427,-0.209346
1357007386.509000000,0.786348,0.00563115,29.3876,-0.78398
1357007386.524000000,1.85109,-0.919477,29.3204,-1.91149
1357007386.540000000,2.30047,-0.847834,29.5949,-2.35468
1357007386.557000000,1.44743,-1.18273,29.1808,-1.52746
1357007386.574000000,0.737835,-0.33846,29.3678,-0.759928
1357007386.589000000,-0.691841,-0.106685,28.8778,0.682562
1357007386.602000000,-2.06883,0.12236,29.1224,2.07231
1357007386.615000000,-3.07862,0.367336,29.5296,3.09689
1357007386.629000000,-4.26999,1.07133,29.5464,4.33508
1357007386.644000000,-4.62136,0.880333,28.9269,4.67206
1357007386.660000000,-4.93628,0.713875,28.9195,4.97441
1357007386.677000000,-4.46649,0.518021,29.3519,4.49194
1357007386.691000000,-4.11546,-0.0110128,29.0078,4.10437
1357007386.705000000,-3.21462,-0.278682,29.0631,3.18686
1357007386.720000000,-1.85036,0.129616,29.5333,1.85489
1357007386.733000000,-0.928923,-0.274424,29.1404,0.907184
1357007386.748000000,1.28196,-1.24895,29.3011,-1.36709
1357007386.762000000,2.12674,-1.09348,29.9389,-2.19876
1357007386.780000000,3.27472,-1.88975,29.9811,-3.4002
1357007386.795000000,3.11949,-1.83951,30.0246,-3.24179
1357007386.809000000,1.94527,-0.448464,29.8033,-1.97212
1357007386.823000000,1.61656,-0.613098,29.7127,-1.65588
1357007386.837000000,-0.258063,0.484072,29.7427,0.291658
1357007386.852000000,-2.06756,1.14732,29.6372,2.14354
1357007386.866000000,-3.05301,0.797198,29.5811,3.10175
1357007386.883000000,-4.16889,1.27092,29.43,4.24835
1357007386.898000000,-4.96073,1.40896,29.2251,5.04797
1357007386.914000000,-5.24443,0.921747,28.8573,5.2965
1357007386.927000000,-5.0557,0.526527,29.0398,5.08028
1357007386.942000000,-4.39603,0.0112501,29.119,4.38581
1357007386.956000000,-3.50378,0.0188767,29.4431,3.49633
1357007386.970000000,-2.0207,-0.439507,29.2878,1.98455
1357007386.984000000,-0.20669,-0.695739,29.2041,0.156958
1357007387.003000000,1.30678,-1.44504,29.519,-1.40572
1357007387.018000000,2.95044,-2.26488,29.8895,-3.10326
1357007387.032000000,3.00555,-2.26035,29.8498,-3.15791
1357007387.053000000,3.3099,-1.49818,29.8708,-3.40758
1357007387.066000000,2.49798,-0.347016,29.6633,-2.51627
1357007387.081000000,0.415776,-0.310513,29.7396,-0.436699
1357007387.094000000,-0.748908,0.457466,30.0787,0.779392
1357007387.111000000,-1.97175,1.43299,29.877,2.06818
1357007387.125000000,-2.7198,1.11918,29.5695,2.79216
1357007387.142000000,-4.38035,1.11017,29.3468,4.44791
1357007387.155000000,-5.00763,0.94317,29.448,5.0618
1357007387.171000000,-4.79072,0.679879,29.2265,4.82681
1357007387.185000000,-4.42007,0.4144,29.1088,4.43831
1357007387.198000000,-4.16833,-0.37134,29.1115,4.13162
1357007387.216000000,-2.93346,-0.875397,29.666,2.86419
1357007387.230000000,-1.64225,-0.901821,29.5811,1.57435
1357007387.246000000,-0.634583,-1.5454,29.4822,0.523676
1357007387.261000000,0.906874,-1.80505,29.8837,-1.03229
1357007387.276000000,1.74711,-1.22669,30.2719,-1.82951
1357007387.290000000,2.57643,-1.46532,30.1166,-2.67363
1357007387.304000000,2.56279,-1.71711,30.195,-2.67784
1357007387.317000000,2.53547,-0.20689,30.8778,-2.54376
1357007387.342000000,1.72531,-0.0595959,29.6305,-1.7252
1357007387.356000000,1.02244,0.547055,29.8896,-0.981186
1357007387.370000000,-0.108407,0.850437,29.9787,0.168293
1357007387.386000000,-0.681103,-0.100254,29.5728,0.672305
1357007387.400000000,-1.17987,0.0257973,29.8207,1.17874
1357007387.415000000,-2.16018,0.0408736,29.5222,2.15766
1357007387.430000000,-3.31665,-0.644374,29.5614,3.26276
1357007387.459000000,-4.63041,0.257641,29.1627,4.63704
1357007387.474000000,-4.47104,0.18173,29.1568,4.4727
1357007387.488000000,-3.83846,0.434626,29.4081,3.85959
1357007387.502000000,-2.96198,0.373937,29.441,2.98101
1357007387.518000000,-2.10617,-0.766412,29.009,2.04668
1357007387.532000000,-1.20503,-0.80201,29.5783,1.14528
1357007387.547000000,0.105316,-0.161453,29.9463,-0.116473
1357007387.566000000,1.18358,-0.901384,29.8686,-1.24438
1357007387.580000000,1.87863,-0.948505,30.3181,-1.94102
1357007387.594000000,2.3814,-0.848706,30.421,-2.43547
1357007387.608000000,2.74518,-1.87303,30.2757,-2.87079
1357007387.622000000,2.71518,-1.64225,30.4665,-2.82455
1357007387.637000000,2.07148,-1.14337,30.4264,-2.14717
1357007387.651000000,1.16984,-1.35499,30.4258,-1.26275
1357007387.668000000,-0.45228,-0.057658,30.2451,0.447069
1357007387.682000000,-0.969118,0.0858739,29.9047,0.972765
1357007387.697000000,-1.57879,0.205864,29.837,1.5894
1357007387.711000000,-2.62131,0.991558,29.7289,2.68489
1357007387.725000000,-2.66774,0.322093,29.6517,2.68384
1357007387.739000000,-2.9329,0.241346,29.6468,2.94263
1357007387.755000000,-2.97918,0.262071,29.4765,2.99025
1357007387.769000000,-3.06817,-0.131678,29.2302,3.05117
1357007387.787000000,-2.77997,-0.190855,29.7061,2.75951
1357007387.801000000,-2.67199,-0.073332,29.7067,2.66011
1357007387.815000000,-2.42059,0.334805,29.3883,2.43821
1357007387.832000000,-1.83313,0.40073,29.5733,1.85689
1357007387.845000000,-1.31927,0.0439446,29.9606,1.31907
1357007387.859000000,-1.2417,-0.447806,29.9066,1.20691
1357007387.875000000,-0.0465241,-0.732865,29.7103,-0.00543328
1357007387.892000000,0.836053,-0.987144,29.559,-0.903787
1357007387.907000000,1.39964,-0.841313,30.3312,-1.45565
1357007387.920000000,2.04894,-0.0827747,30.9108,-2.04966
1357007387.935000000,2.24912,-0.453495,30.7066,-2.27557
1357007387.949000000,2.52824,-1.22149,30.5899,-2.60831
1357007387.962000000,2.61001,-1.61457,30.4088,-2.71768
1357007387.978000000,2.42208,-2.52818,30.2239,-2.59485
1357007387.997000000,0.855086,-2.16046,29.872,-1.00577
1357007388.011000000,0.865129,-2.44709,29.8324,-1.03606
1357007388.026000000,-0.683818,-1.14697,30.0787,0.600971
1357007388.041000000,-2.30113,-0.594603,29.8073,2.25331
1357007388.055000000,-3.67706,-0.494261,29.544,3.63288
1357007388.069000000,-4.22129,0.635272,29.8339,4.25565
1357007388.082000000,-4.57746,1.36373,29.6583,4.66246
1357007388.096000000,-4.6147,1.58375,29.3547,4.71517
1357007388.115000000,-4.1922,1.92782,29.5486,4.31806
1357007388.133000000,-2.97091,1.7313,29.652,3.08593
1357007388.147000000,-2.84352,0.933937,29.2501,2.90246
1357007388.161000000,-1.746,-0.0804281,29.6366,1.73594
1357007388.175000000,-0.103272,0.238446,30.508,0.11988
1357007388.188000000,1.23533,-0.867725,30.1831,-1.29361
1357007388.203000000,2.77881,-1.52988,30.5436,-2.88007
1357007388.219000000,4.01898,-2.59113,30.7719,-4.1922
1357007388.236000000,4.1368,-4.24029,31.2432,-4.42638
1357007388.251000000,3.41874,-3.83056,30.8886,-3.68114
1357007388.266000000,2.30375,-3.59283,30.2954,-2.55213
1357007388.280000000,1.871,-2.86282,30.2139,-2.06882
1357007388.294000000,0.357826,-1.5009,29.9725,-0.463099
1357007388.309000000,-1.56524,-0.101867,30.22,1.55411
1357007388.326000000,-3.46721,1.53921,29.9411,3.56741
1357007388.340000000,-4.24656,3.07487,29.5156,4.45343
1357007388.356000000,-4.71345,2.9342,29.0128,4.9092
1357007388.370000000,-5.11486,2.45236,29.2136,5.27553
1357007388.384000000,-4.35129,2.09258,29.6829,4.48841
1357007388.399000000,-3.54963,1.47186,29.5772,3.64485
1357007388.413000000,-2.56396,0.948049,29.6383,2.6246
1357007388.430000000,-1.48762,0.0782947,29.6351,1.48943
1357007388.448000000,0.74413,-2.21831,30.0158,-0.899183
1357007388.463000000,1.97372,-3.54754,30.6932,-2.21972
1357007388.479000000,3.59983,-4.80939,30.9998,-3.93101
1357007388.493000000,3.58619,-5.30506,31.1015,-3.95247
1357007388.507000000,3.30832,-4.01334,31.2461,-3.58392
1357007388.521000000,2.50948,-2.81506,30.8358,-2.70232
1357007388.539000000,1.81419,-0.842814,30.8636,-1.86927
1357007388.567000000,-1.11482,0.342136,30.7184,1.13623
1357007388.582000000,-2.24244,1.18961,30.1588,2.32098
1357007388.596000000,-3.00381,2.61461,29.5369,3.18123
1357007388.612000000,-3.70767,3.26074,29.5994,3.92904
1357007388.626000000,-4.27149,2.9001,29.5728,4.46593
1357007388.641000000,-4.06665,2.15955,29.7715,4.20922
1357007388.655000000,-3.53875,1.69766,29.9741,3.64997
1357007388.675000000,-2.61005,1.06161,29.8332,2.67861
1357007388.688000000,-1.24434,-0.176829,29.5167,1.22872
1357007388.702000000,-0.00382184,-1.40327,29.9929,-0.0954508
1357007388.716000000,1.13555,-3.5368,30.0156,-1.38289
1357007388.733000000,2.58916,-4.92335,30.6951,-2.93094
1357007388.748000000,3.29545,-5.01305,30.5743,-3.64181
1357007388.765000000,3.41475,-4.78343,31.0444,-3.74456
1357007388.780000000,2.66924,-3.23517,31.0222,-2.8914
1357007388.795000000,2.52459,-2.38271,30.9915,-2.68681
1357007388.808000000,1.77588,-1.00906,31.1874,-1.84281
1357007388.823000000,0.516395,0.128119,30.5157,-0.506039
1357007388.838000000,-0.66952,0.910056,30.3356,0.732218
1357007388.854000000,-1.77277,1.0591,29.9907,1.84325
1357007388.871000000,-2.88113,1.14765,29.9468,2.95509
1357007388.885000000,-3.72582,1.68187,29.9815,3.83546
1357007388.899000000,-3.88005,1.37212,29.6248,3.96739
1357007388.913000000,-3.68685,1.27452,30.0092,3.76777
1357007388.926000000,-3.88165,1.11716,30.3749,3.95096
1357007388.940000000,-4.01578,1.04738,30.0827,4.07981
1357007388.955000000,-3.68596,0.825973,29.4691,3.73515
1357007388.971000000,-3.37551,1.98795,28.5878,3.50768
1357007388.986000000,-2.42495,2.85407,28.1179,2.62076
1357007388.999000000,-1.57008,3.27328,27.7554,1.79769
1357007389.011000000,-0.883516,3.59341,27.1859,1.13549
1357007389.024000000,-0.534952,4.20868,26.7371,0.831323
1357007389.038000000,-0.433362,4.99943,26.3832,0.785921
1357007389.051000000,0.106557,5.40659,26.2426,0.276157
1357007389.067000000,0.603347,5.96734,26.2038,-0.179722
1357007389.081000000,0.637445,6.00677,26.2706,-0.210946
1357007389.096000000,0.631719,5.79536,26.2898,-0.220189
1357007389.110000000,0.493582,5.68244,26.271,-0.0903859
1357007389.122000000,0.212805,5.5916,26.257,0.183262
1357007389.135000000,-0.267488,5.68083,26.2308,0.668664
1357007389.158000000,-1.31386,6.04101,26.0348,1.7379
1357007389.170000000,-1.75419,5.9076,26.1943,2.16768
1357007389.182000000,-2.07473,5.80459,26.3586,2.48013
1357007389.197000000,-2.32509,5.64554,26.5113,2.71862
1357007389.211000000,-2.71987,5.41209,26.5953,3.09589
1357007389.224000000,-2.96394,5.52301,26.4855,3.3472
1357007389.241000000,-2.90217,5.67996,26.0046,3.29669
1357007389.258000000,-2.65222,5.97694,25.5631,3.06837
1357007389.272000000,-2.31116,5.46269,25.1161,2.69179
1357007389.286000000,-2.00036,4.5477,25.1787,2.31705
1357007389.300000000,-1.65789,4.1576,25.5428,1.94784
1357007389.315000000,-1.07788,4.0139,25.466,1.35912
1357007389.329000000,-0.56485,4.30429,25.6662,0.867909
1357007389.343000000,-0.354545,5.3054,25.7869,0.728945
1357007389.361000000,-0.224995,5.43335,25.5859,0.608771
1357007389.376000000,-0.484423,5.30457,24.7666,0.85844
1357007389.391000000,-1.28082,5.98416,23.9816,1.70092
1357007389.405000000,-1.40802,5.72574,22.9451,1.80951
1357007389.419000000,-2.04988,5.82063,21.8296,2.45648
1357007389.436000000,-2.50732,6.02907,21.7149,2.92752
1357007389.452000000,-2.54018,6.46295,21.99,2.99099
1357007389.469000000,-2.48863,6.93925,21.8312,2.97326
1357007389.484000000,-2.70972,6.40879,22.1511,3.15627
1357007389.498000000,-2.58828,6.48315,22.0758,3.04039
1357007389.511000000,-2.63097,6.09225,21.821,3.05533
1357007389.526000000,-2.63666,5.9184,21.843,3.04871
1357007389.540000000,-2.10802,6.32644,22.428,2.55025
1357007389.559000000,-2.0292,6.3361,23.4022,2.47231
1357007389.578000000,-1.92414,6.93139,23.6763,2.40962
1357007389.592000000,-1.86802,7.90712,23.8018,2.42267
1357007389.605000000,-1.44355,8.86817,23.4368,2.06725
1357007389.620000000,-1.72181,8.68344,22.3721,2.33174
1357007389.633000000,-2.21725,7.44058,22.6625,2.73803
1357007389.653000000,-3.14124,5.79023,23.6193,3.54296
1357007389.675000000,-3.55308,5.50168,23.0725,3.93336
1357007389.695000000,-3.44999,6.97181,23.1371,3.93451
1357007389.709000000,-3.36838,7.39794,24.0887,3.88325
1357007389.723000000,-3.60247,7.60491,24.8389,4.13139
1357007389.737000000,-3.93881,7.21058,24.9819,4.439
1357007389.752000000,-3.92845,7.17253,25.2092,4.42597
1357007389.766000000,-4.09327,7.0792,24.6723,4.58377
1357007389.780000000,-4.04405,7.21046,24.1272,4.54396
1357007389.796000000,-3.39648,7.74362,23.3651,3.93573
1357007389.816000000,-3.30348,8.35009,23.3071,3.88587
1357007389.830000000,-2.60433,8.03276,23.3568,3.16602
1357007389.845000000,-2.13225,7.24217,23.4137,2.6392
1357007389.859000000,-2.25943,6.80629,23.6399,2.73523
1357007389.873000000,-2.51938,5.80087,24.1759,2.92341
1357007389.887000000,-2.78325,5.75333,24.0787,3.18325
1357007389.902000000,-2.33651,5.93785,23.7418,2.75069
1357007389.919000000,-2.36584,6.11709,23.3689,2.79262
1357007389.935000000,-2.86765,6.30356,23.6647,3.30636
1357007389.951000000,-2.85785,6.11552,24.0585,3.28328
1357007389.965000000,-3.01164,6.21202,24.2896,3.44352
1357007389.979000000,-4.02936,6.3714,24.5766,4.46996
1357007389.993000000,-4.88958,7.49161,24.9007,5.40727
1357007390.006000000,-5.04347,8.5097,24.8203,5.63279
1357007390.023000000,-4.49781,9.35735,23.3375,5.14846
1357007390.037000000,-4.33594,9.23612,23.4178,4.97842
1357007390.055000000,-4.52366,8.90823,23.6271,5.14247
1357007390.069000000,-4.09481,7.89556,23.0175,4.64306
1357007390.083000000,-3.68621,6.99788,23.0598,4.17199
1357007390.098000000,-3.57344,6.92379,24.0395,4.05426
1357007390.112000000,-3.45827,7.22113,24.6409,3.96041
1357007390.129000000,-3.20034,6.65732,23.8499,3.66325
1357007390.144000000,-2.59272,6.9079,23.7727,3.07487
1357007390.158000000,-1.99942,7.00318,23.3652,2.48979
1357007390.174000000,-2.02412,5.88394,22.9836,2.43527
1357007390.188000000,-2.78408,5.93197,24.3165,3.19671
1357007390.214000000,-3.36674,6.08226,24.7986,3.78855
1357007390.228000000,-4.03513,6.92732,24.9168,4.51504
1357007390.243000000,-4.50643,8.91379,24.3756,5.12568
1357007390.260000000,-4.65159,9.42401,23.6231,5.30657
1357007390.274000000,-4.54815,9.62411,23.1339,5.21754
1357007390.287000000,-4.47942,9.31432,23.1836,5.12707
1357007390.303000000,-4.69725,8.33277,23.3179,5.27492
1357007390.317000000,-4.7363,7.58844,23.1174,5.26122
1357007390.331000000,-4.84024,6.80155,23.9472,5.30924
1357007390.345000000,-4.65751,6.44849,24.6634,5.10199
1357007390.362000000,-4.30018,7.47913,24.4859,4.81846
1357007390.377000000,-3.72952,7.84549,23.7176,4.27514
1357007390.392000000,-3.08592,8.18411,23.4584,3.65711
1357007390.406000000,-2.66539,8.05865,23.4416,3.22876
1357007390.421000000,-2.53593,6.63232,22.9425,2.99873
1357007390.434000000,-2.74848,5.85567,22.9023,3.15581
1357007390.450000000,-3.14779,5.36187,24.1336,3.51919
1357007390.468000000,-3.40061,6.36662,24.348,3.84245
1357007390.482000000,-3.42773,7.40942,23.4164,3.94326
1357007390.496000000,-3.26137,8.45276,23.7468,3.85112
1357007390.510000000,-3.70144,9.16708,24.2162,4.34062
1357007390.525000000,-4.08582,8.81324,23.7984,4.69901
1357007390.540000000,-4.07836,7.62527,23.327,4.60753
1357007390.555000000,-4.43322,7.29963,24.3235,4.93847
1357007390.569000000,-4.89679,6.6209,24.2482,5.35287
1357007390.588000000,-5.11104,6.81257,24.3004,5.58014
1357007390.602000000,-4.91617,7.70425,24.4423,5.44883
1357007390.616000000,-4.28169,8.33774,24.0714,4.86075
1357007390.630000000,-4.11834,8.39917,23.6242,4.70215
1357007390.645000000,-3.87719,7.83295,24.014,4.42155
1357007390.663000000,-3.56764,6.63781,24.2106,4.02824
1357007390.678000000,-4.14069,5.27811,24.2363,4.50368
1357007390.696000000,-4.09472,5.1721,25.3683,4.45032
1357007390.710000000,-3.57436,6.24007,25.1696,4.00681
1357007390.724000000,-3.61927,7.35535,25.0707,4.1305
1357007390.738000000,-3.64708,8.68439,25.3466,4.25225
1357007390.755000000,-3.65627,9.19048,24.9681,4.29722
1357007390.778000000,-3.76551,7.9027,23.4001,4.31509
1357007390.795000000,-3.69828,7.30778,22.8554,4.20595
1357007390.813000000,-3.65905,6.5987,23.8399,4.11665
1357007390.827000000,-4.10783,6.2624,24.2305,4.54052
1357007390.841000000,-4.19759,6.15209,24.1907,4.62226
1357007390.856000000,-4.40862,6.36661,23.9998,4.84794
1357007390.870000000,-4.66455,6.98417,23.6148,5.14691
1357007390.884000000,-4.16786,7.23628,23.0743,4.66929
1357007390.898000000,-3.8204,7.05373,22.8036,4.30979
1357007390.914000000,-3.77935,6.26178,23.7537,4.21282
1357007390.932000000,-3.85997,5.79334,24.9098,4.26011
1357007390.948000000,-4.32232,5.32171,25.1086,4.68794
1357007390.961000000,-4.36503,6.0061,24.9731,4.77895
1357007390.975000000,-4.10722,7.06833,24.7919,4.59692
1357007390.989000000,-3.73224,7.97863,24.4375,4.28728
1357007391.002000000,-3.58672,7.99383,24.3096,4.14319
1357007391.016000000,-3.44287,7.60487,24.9587,3.97219
1357007391.035000000,-3.85018,5.92418,25.7996,4.25959
1357007391.051000000,-4.64262,5.09326,25.8679,4.99128
1357007391.064000000,-5.00618,5.58347,25.7928,5.3886
1357007391.078000000,-4.9664,6.72931,25.8352,5.42997
1357007391.093000000,-5.27584,7.17452,25.1853,5.77013
1357007391.107000000,-5.13218,8.05593,25.6972,5.68918
1357007391.121000000,-4.72959,7.99335,25.3946,5.28317
1357007391.138000000,-4.58251,7.37579,24.6299,5.09278
1357007391.155000000,-4.30308,6.7519,23.682,4.76991
1357007391.169000000,-4.14601,6.25931,24.244,4.57839
1357007391.183000000,-4.14852,6.01698,24.8543,4.56375
1357007391.197000000,-3.76785,6.50153,24.9124,4.21831
1357007391.210000000,-3.0208,6.48054,24.2704,3.47165
1357007391.225000000,-2.74843,6.16349,24.0101,3.17754
1357007391.239000000,-2.84299,6.23343,23.9032,3.2768
1357007391.257000000,-3.12702,5.78791,23.9018,3.52861
1357007391.273000000,-3.52775,5.09004,24.5829,3.87897
1357007391.286000000,-4.24463,4.99146,25.8266,4.58707
1357007391.300000000,-4.89872,5.24268,26.2433,5.2573
1357007391.318000000,-5.25262,6.22072,26.0867,5.6795
1357007391.333000000,-5.16948,7.35407,25.9563,5.67674
1357007391.346000000,-5.40319,8.1103,24.8544,5.96335
1357007391.369000000,-5.38052,7.76748,24.2847,5.91649
1357007391.383000000,-5.32283,7.35309,24.3636,5.82963
1357007391.399000000,-4.85634,5.96689,24.6326,5.26625
1357007391.413000000,-4.83678,5.39639,25.1299,5.20639
1357007391.427000000,-4.51227,5.51015,25.483,4.89074
1357007391.440000000,-3.75876,5.80252,25.9817,4.1598
1357007391.456000000,-3.37312,6.3021,25.582,3.81047
1357007391.473000000,-2.92367,6.65952,25.4744,3.38743
1357007391.488000000,-2.93214,6.229,25.3185,3.36541
1357007391.501000000,-3.16471,5.5653,24.4994,3.55045
1357007391.519000000,-3.51478,4.63313,24.7958,3.83371
1357007391.533000000,-3.91555,4.371,25.5282,4.21493
1357007391.547000000,-4.33421,5.17799,24.999,4.68963
1357007391.562000000,-4.40043,6.13082,25.0723,4.82309
1357007391.576000000,-5.15297,7.59566,25.6889,5.67736
1357007391.594000000,-5.12197,8.20564,25.7118,5.68958
1357007391.608000000,-5.04578,7.69741,25.1075,5.57764
1357007391.622000000,-5.29201,6.83369,25.6128,5.76215
1357007391.638000000,-5.44663,6.02467,25.815,5.85915
1357007391.653000000,-5.02047,5.6917,25.1011,5.41051
1357007391.668000000,-4.6394,5.49387,24.6341,5.0164
1357007391.681000000,-4.47448,5.74853,25.3696,4.86991
1357007391.699000000,-4.08682,6.20275,25.7494,4.51535
1357007391.715000000,-3.67633,5.94565,25.2379,4.0877
1357007391.729000000,-3.34586,5.59258,25.1613,3.73308
1357007391.743000000,-3.49172,5.48052,25.6544,3.87065
1357007391.762000000,-3.94162,4.61464,25.0696,4.25817
1357007391.778000000,-4.0139,4.8703,25.3084,4.34835
1357007391.793000000,-3.96089,5.326,25.6162,4.32772
1357007391.812000000,-4.51097,6.1687,26.1755,4.93603
1357007391.826000000,-4.8043,6.80214,26.4739,5.27343
1357007391.841000000,-4.79476,6.94898,25.7689,5.2743
1357007391.857000000,-5.03515,6.59738,25.8594,5.48922
1357007391.881000000,-5.07124,6.03963,25.4292,5.48576
1357007391.898000000,-4.71982,5.26213,24.9322,5.08023
1357007391.912000000,-4.46302,5.20358,25.1986,4.81992
1357007391.929000000,-3.97746,5.24899,26.0959,4.3388
1357007391.944000000,-4.19954,5.12376,26.5786,4.55146
1357007391.959000000,-4.3678,5.10532,26.5969,4.71799
1357007391.973000000,-3.96176,5.29261,27.2578,4.32622
1357007391.987000000,-3.81675,5.28517,26.6092,4.18104
1357007392.000000000,-3.85643,5.25154,25.935,4.21825
1357007392.016000000,-3.83324,5.35892,25.3973,4.20272
1357007392.029000000,-3.76668,5.52998,25.0963,4.14842
1357007392.048000000,-3.9501,6.36259,24.8926,4.39027
1357007392.062000000,-3.97299,6.64916,24.7064,4.43338
1357007392.077000000,-4.21879,6.39195,24.4981,4.66037
1357007392.091000000,-4.57931,5.96601,24.5855,4.98985
1357007392.105000000,-4.64536,5.33395,25.4357,5.01104
1357007392.119000000,-4.67427,4.67644,25.5655,4.99336
1357007392.134000000,-4.42597,4.96757,25.7611,4.76627
1357007392.153000000,-4.38899,5.62396,25.9347,4.77581
1357007392.167000000,-4.38098,5.53016,26.372,4.7612
1357007392.180000000,-4.5583,5.70058,26.6102,4.95013
1357007392.194000000,-4.50547,5.48784,26.7058,4.88238
1357007392.208000000,-4.51786,4.89548,26.2276,4.85283
1357007392.223000000,-4.47928,5.01669,25.6558,4.82293
1357007392.236000000,-4.40722,5.30974,25.4558,4.77178
1357007392.257000000,-3.88728,5.52115,25.0397,4.2681
1357007392.271000000,-3.89716,5.80191,25.0385,4.29781
1357007392.285000000,-4.07393,6.11257,26.0683,4.49611
1357007392.298000000,-4.15629,5.70215,26.1776,4.54924
1357007392.312000000,-3.99235,5.4537,26.2931,4.36813
1357007392.326000000,-4.07294,5.40596,26.5053,4.44514
1357007392.339000000,-4.18719,5.39091,26.683,4.55804
1357007392.353000000,-4.27817,5.21931,26.2512,4.63665
1357007392.375000000,-3.92282,5.11223,25.4773,4.27462
1357007392.391000000,-4.27659,4.37716,26.1445,4.57551
1357007392.404000000,-4.38503,4.27694,26.8794,4.67659
1357007392.418000000,-4.71972,4.56431,26.7739,5.03076
1357007392.432000000,-4.90512,4.90355,26.7116,5.2397
1357007392.446000000,-4.84795,5.76425,26.9245,5.24355
1357007392.460000000,-4.83488,5.90935,26.9936,5.24078
1357007392.478000000,-4.87694,6.0517,26.2987,5.2928
1357007392.494000000,-4.70099,5.89895,25.5067,5.10649
1357007392.509000000,-3.95253,5.91742,25.0852,4.36121
1357007392.523000000,-3.70028,5.81739,25.1199,4.10252
1357007392.537000000,-3.5322,5.65858,24.7788,3.92362
1357007392.551000000,-3.50704,5.55507,24.4361,3.89121
1357007392.566000000,-3.33717,5.66362,24.7504,3.72944
1357007392.583000000,-3.50284,5.05897,25.1465,3.85193
1357007392.597000000,-3.48452,4.53861,26.1726,3.79684
1357007392.612000000,-3.58112,4.26098,26.2348,3.87356
1357007392.627000000,-3.55931,4.2254,26.4811,3.84929
1357007392.641000000,-4.272,4.50949,26.5063,4.58029
1357007392.658000000,-4.7426,5.12574,26.9113,5.0933
1357007392.671000000,-4.96733,5.52018,26.8275,5.34537
1357007392.685000000,-5.24334,5.50009,26.1869,5.61927
1357007392.703000000,-5.59248,5.51599,26.6009,5.96865
1357007392.716000000,-5.51762,5.52368,26.822,5.89452
1357007392.732000000,-4.74184,5.81367,25.7854,5.14121
1357007392.745000000,-4.45107,5.96767,25.6525,4.86206
1357007392.761000000,-4.50587,5.78472,25.7198,4.90378
1357007392.775000000,-4.08532,5.37018,26.0836,4.45496
1357007392.790000000,-3.7795,4.86902,26.1892,4.11445
1357007392.808000000,-3.31977,4.23802,26.5426,3.61124
1357007392.823000000,-3.36529,4.18979,27.0265,3.65323
1357007392.837000000,-3.50539,4.62851,26.6246,3.82401
1357007392.852000000,-3.32755,4.95069,25.6116,3.66941
1357007392.868000000,-3.4154,5.29549,25.998,3.78144
1357007392.884000000,-4.16458,5.14552,26.0525,4.51813
1357007392.898000000,-4.34832,4.72493,26.5703,4.67165
1357007392.916000000,-4.90137,4.65913,27.2423,5.21866
1357007392.931000000,-5.00329,5.41666,27.0189,5.37391
1357007392.945000000,-5.19111,5.90559,26.3568,5.59585
1357007392.960000000,-4.86302,6.07233,26.4451,5.28038
1357007392.984000000,-4.49661,5.58095,26.0299,4.88012
1357007393.002000000,-4.02646,4.72451,26.3361,4.35057
1357007393.016000000,-3.93838,4.24216,26.6676,4.2286
1357007393.030000000,-4.03084,3.73547,27.0413,4.28498
1357007393.047000000,-3.9066,4.10299,27.0986,4.18705
1357007393.062000000,-3.61032,4.9725,27.1224,3.95301
1357007393.076000000,-3.24138,5.34833,26.44,3.61158
1357007393.090000000,-3.4764,5.46377,25.9571,3.85418
1357007393.105000000,-3.36814,5.24229,25.7843,3.73053
1357007393.119000000,-3.52181,4.90429,26.1783,3.8599
1357007393.133000000,-3.80635,4.5588,26.1315,4.11929
1357007393.150000000,-4.41209,4.50662,26.7923,4.71983
1357007393.165000000,-4.56223,5.18373,27.7073,4.91748
1357007393.179000000,-4.62519,5.53769,27.3657,5.00532
1357007393.193000000,-4.29294,5.93067,26.9136,4.70171
1357007393.207000000,-4.43269,5.89353,26.8035,4.83848
1357007393.224000000,-4.15622,5.64925,26.1168,4.54542
1357007393.237000000,-3.98219,4.89497,25.2307,4.31848
1357007393.255000000,-3.98602,4.06008,25.6022,4.26323
1357007393.270000000,-4.08666,3.724,26.7017,4.33985
1357007393.283000000,-3.96154,3.77606,27.1133,4.21873
1357007393.297000000,-3.61989,4.25838,27.1272,3.91204
1357007393.311000000,-3.27777,5.22575,27.0571,3.63922
1357007393.325000000,-3.18502,5.66568,26.9217,3.57782
1357007393.340000000,-3.23504,5.19068,26.503,3.59411
1357007393.355000000,-3.57064,4.26785,26.4536,3.86359
1357007393.372000000,-3.87481,3.49586,27.3681,4.11239
1357007393.387000000,-4.40347,3.00325,27.5611,4.60488
1357007393.401000000,-4.50798,3.55835,28.1162,4.74839
1357007393.414000000,-4.3835,4.65112,27.8864,4.70152
1357007393.428000000,-4.26705,5.69963,27.6181,4.65954
1357007393.442000000,-4.1713,6.23269,26.9993,4.60173
1357007393.457000000,-4.1926,6.08053,26.222,4.61221
1357007393.488000000,-3.58305,4.85153,25.3787,3.91725
1357007393.503000000,-3.23531,4.60332,25.0207,3.55283
1357007393.517000000,-2.76072,4.79756,25.0371,3.09317
1357007393.530000000,-3.05071,4.99732,25.9996,3.39657
1357007393.544000000,-3.25925,5.12762,26.4839,3.6138
1357007393.558000000,-3.17088,5.15808,26.2514,3.52781
1357007393.573000000,-3.0911,5.0215,26.9885,3.43856
1357007393.592000000,-3.0319,4.41955,27.0822,3.33693
1357007393.607000000,-3.64619,3.83336,27.1842,3.90822
1357007393.620000000,-4.38441,3.6007,27.8107,4.62813
1357007393.634000000,-4.52103,3.46234,28.5164,4.75462
1357007393.649000000,-4.81006,3.51084,27.9862,5.04636
1357007393.665000000,-4.87318,4.79595,27.9498,5.20022
1357007393.678000000,-4.89127,5.57244,27.7443,5.27319
1357007393.696000000,-4.45245,5.74741,27.2034,4.84785
1357007393.710000000,-3.8192,5.86566,26.01,4.22455
1357007393.725000000,-3.35708,5.90086,25.4599,3.76608
1357007393.739000000,-3.32527,5.12759,24.9737,3.67965
1357007393.753000000,-3.12588,5.06614,25.7977,3.47642
1357007393.768000000,-2.66382,4.77996,26.3268,2.99527
1357007393.783000000,-2.30774,4.94758,26.6065,2.65193
1357007393.797000000,-2.47367,5.08566,26.634,2.82722
1357007393.814000000,-2.70309,5.03833,26.7837,3.05271
1357007393.831000000,-3.04388,4.85667,26.5543,3.3798
1357007393.846000000,-3.14135,4.34568,26.8443,3.44088
1357007393.860000000,-3.94948,3.45125,27.4801,4.18371
1357007393.876000000,-4.82856,3.3265,28.6575,5.05177
1357007393.889000000,-5.01024,3.48814,28.6243,5.24443
1357007393.903000000,-4.70472,4.40795,27.952,5.00475
1357007393.922000000,-4.755,5.86973,27.0289,5.1583
1357007393.935000000,-4.70367,6.2371,26.508,5.13308
1357007393.951000000,-3.96607,5.89314,26.098,4.373
1357007393.966000000,-3.31392,5.4938,25.7779,3.69423
1357007393.981000000,-3.18189,4.65577,26.2044,3.50326
1357007393.997000000,-2.78552,3.83407,27.5298,3.04975
1357007394.011000000,-2.64652,4.31413,27.3281,2.94506
1357007394.028000000,-2.07349,5.23153,27.0238,2.43836
1357007394.043000000,-2.0789,5.78699,26.8088,2.48305
1357007394.058000000,-2.11569,5.84659,26.7431,2.52396
1357007394.076000000,-2.83657,4.59541,26.4404,3.15453
1357007394.100000000,-3.63084,3.34702,27.8137,3.85851
1357007394.115000000,-4.08128,3.24564,28.3097,4.30064
1357007394.129000000,-4.57693,3.95713,28.2222,4.84538
1357007394.147000000,-4.67469,5.05485,28.2074,5.02055
1357007394.162000000,-4.67777,6.00142,27.439,5.09058
1357007394.175000000,-4.16663,6.06317,26.8248,4.58508
1357007394.189000000,-3.76602,5.77725,26.2109,4.16525
1357007394.206000000,-3.35805,5.47741,26.3068,3.73709
1357007394.220000000,-3.19637,4.48201,26.4819,3.50541
1357007394.233000000,-2.98548,4.16822,27.2983,3.27285
1357007394.247000000,-2.87146,4.34016,27.7847,3.17127
1357007394.265000000,-2.36659,4.85238,27.6809,2.70391
1357007394.279000000,-2.14388,5.32604,27.0732,2.51526
1357007394.293000000,-2.04622,5.30876,27.0559,2.41662
1357007394.307000000,-2.27777,5.16166,26.4673,2.63718
1357007394.322000000,-2.54793,4.91644,25.8149,2.88932
1357007394.336000000,-3.1278,4.18048,26.2568,3.41568
1357007394.352000000,-3.5063,3.94527,27.6743,3.77659
1357007394.369000000,-3.76409,4.29793,27.5888,4.05868
1357007394.382000000,-3.60026,5.00539,27.6691,3.9453
1357007394.398000000,-3.78121,5.94855,27.8272,4.19253
1357007394.413000000,-3.65486,6.20133,27.0847,4.08437
1357007394.426000000,-3.70415,6.23215,26.2835,4.13571
1357007394.442000000,-3.54301,5.35523,26.7576,3.91295
1357007394.455000000,-3.45898,4.81953,27.1526,3.79124
1357007394.474000000,-3.09863,4.16259,27.174,3.38532
1357007394.489000000,-2.49554,4.36223,27.3582,2.79786
1357007394.502000000,-2.32305,5.01371,27.609,2.67189
1357007394.516000000,-2.4014,5.09869,27.1056,2.75605
1357007394.544000000,-2.42871,4.20581,28.0441,2.72013
1357007394.558000000,-2.59444,2.7694,28.2381,2.78384
1357007394.573000000,-3.06494,2.23397,28.433,3.21528
1357007394.587000000,-3.33765,2.72416,28.4938,3.52199
1357007394.604000000,-3.65137,3.29812,27.9733,3.87553
1357007394.618000000,-4.1365,3.67656,28.2224,4.38621
1357007394.632000000,-4.00605,4.1623,28.7207,4.29044
1357007394.646000000,-4.44066,3.39931,28.2721,4.66999
1357007394.660000000,-3.97838,2.96716,28.6539,4.1783
1357007394.680000000,-2.87948,3.3207,30.285,3.10716
1357007394.695000000,-2.73972,4.77839,30.5672,3.07087
1357007394.713000000,-2.18756,6.80915,30.2669,2.66374
1357007394.727000000,-1.27662,7.16316,30.0579,1.78012
1357007394.740000000,-0.904495,6.13903,30.0433,1.33649
1357007394.754000000,-0.951029,5.18798,30.0808,1.31563
1357007394.770000000,-1.01219,4.15688,29.2527,1.3037
1357007394.784000000,-0.906185,3.92981,28.562,1.1819
1357007394.798000000,-1.53012,4.51747,28.9901,1.84584
1357007394.818000000,-2.53947,5.15006,29.72,2.89741
1357007394.832000000,-3.18773,5.5279,30.1615,3.57077
1357007394.846000000,-3.85009,5.63086,30.3606,4.23876
1357007394.861000000,-4.24739,5.54521,30.2228,4.62901
1357007394.875000000,-4.21854,5.27154,29.7831,4.58086
1357007394.889000000,-4.19993,5.11831,29.444,4.55147
1357007394.907000000,-4.328,5.01883,29.4195,4.67218
1357007394.922000000,-4.405,5.26209,29.8145,4.76619
1357007394.940000000,-4.43398,6.10029,30.2118,4.85439
1357007394.954000000,-4.37274,6.58186,30.7173,4.82737
1357007394.969000000,-4.24047,6.73796,31.3523,4.70647
1357007394.982000000,-4.11866,6.58986,31.6674,4.57449
1357007394.996000000,-4.28767,6.10794,31.3394,4.70899
1357007395.013000000,-4.11745,5.72178,30.6767,4.51188
1357007395.027000000,-4.57637,5.64442,30.4118,4.96417
1357007395.041000000,-4.28551,5.30153,30.1766,4.64979
1357007395.057000000,-4.36262,5.35205,30.791,4.73028
1357007395.073000000,-4.39858,5.56723,31.5421,4.78137
1357007395.088000000,-4.06715,5.59466,31.3274,4.45271
1357007395.104000000,-3.58838,5.90219,31.2453,3.9969
1357007395.122000000,-4.10969,5.87943,31.228,4.51529
1357007395.136000000,-4.62226,5.92033,31.1742,5.02946
1357007395.150000000,-4.05278,5.80226,31.1512,4.45307
1357007395.164000000,-4.10302,6.39975,31.124,4.54544
1357007395.182000000,-4.04392,6.97895,31.4617,4.52747
1357007395.207000000,-3.30091,7.12813,31.9255,3.79687
1357007395.222000000,-3.25027,6.96001,31.8203,3.73446
1357007395.240000000,-2.49728,6.65697,31.4134,2.96192
1357007395.253000000,-2.57878,6.69615,31.4018,3.04599
1357007395.268000000,-2.68045,6.50397,31.3197,3.13381
1357007395.282000000,-2.32751,6.50947,31.347,2.78214
1357007395.295000000,-2.21679,6.66919,31.4477,2.68299
1357007395.311000000,-2.47102,6.67929,31.4094,2.9373
1357007395.325000000,-1.94531,6.7042,31.392,2.41468
1357007395.343000000,-1.8449,6.91608,31.4405,2.3295
1357007395.357000000,-2.12941,7.09008,31.3837,2.6256
1357007395.374000000,-1.76362,6.93835,31.3144,2.25
1357007395.388000000,-1.63348,6.9951,31.5739,2.1242
1357007395.402000000,-1.66112,6.97695,31.6468,2.15048
1357007395.416000000,-2.20558,7.21149,31.6953,2.71018
1357007395.431000000,-2.73493,7.87472,32.3185,3.28511
1357007395.448000000,-4.72648,8.25062,31.3389,5.29827
1357007395.462000000,-4.57771,7.83253,31.4714,5.12029
1357007395.477000000,-4.44555,7.52075,31.4409,4.96641
1357007395.494000000,-6.19986,8.38362,31.7727,6.77737
1357007395.508000000,-6.12793,7.66965,31.2982,6.6551
1357007395.521000000,-6.46028,8.55542,31.5566,7.04929
1357007395.535000000,-6.79037,9.16404,31.9546,7.4216
1357007395.553000000,-6.75147,8.68096,31.4626,7.34863
1357007395.569000000,-6.34304,9.17172,31.5555,6.97593
1357007395.583000000,-5.69053,8.82979,31.4078,6.30087
1357007395.596000000,-5.35536,8.439,30.9996,5.93889
1357007395.611000000,-3.81252,8.22633,30.7773,4.38488
1357007395.641000000,-2.23802,7.67649,30.5259,2.77543
1357007395.655000000,-2.00379,7.63812,30.7791,2.53907
1357007395.670000000,-2.50068,7.81061,31,3.04691
1357007395.689000000,-3.12698,7.8073,30.9335,3.67141
1357007395.703000000,-3.39966,7.78749,31.0965,3.94201
1357007395.716000000,-3.69055,7.92339,31.2334,4.24179
1357007395.730000000,-3.99264,8.10436,31.0118,4.55592
1357007395.743000000,-4.22909,8.16324,30.7562,4.79594
1357007395.757000000,-4.62986,8.23948,30.7916,5.2011
1357007395.774000000,-5.47509,8.52923,31.132,6.06471
1357007395.791000000,-6.04774,8.88085,31.2078,6.6608
1357007395.807000000,-5.85104,8.98612,31.5241,6.47204
1357007395.820000000,-5.45021,9.13475,31.8704,6.08273
1357007395.836000000,-4.88406,8.67587,31.835,5.48553
1357007395.850000000,-4.22154,8.08734,31.5436,4.78304
1357007395.865000000,-4.22923,7.88681,31.1767,4.77653
1357007395.879000000,-4.21641,7.98667,31.086,4.7708
1357007395.897000000,-4.11554,8.21264,30.8043,4.68617
1357007395.912000000,-4.50335,8.99979,30.9045,5.12868
1357007395.928000000,-4.46148,9.18278,31.0308,5.09986
1357007395.942000000,-3.97622,8.91337,31.1046,4.59676
1357007395.956000000,-4.35675,8.94324,31.0859,4.97846
1357007395.971000000,-3.71019,8.49406,30.8691,4.30174
1357007395.985000000,-3.44136,8.35343,30.7413,4.02364
1357007396.001000000,-2.93809,8.26036,30.7679,3.51505
1357007396.018000000,-3.31399,8.47305,30.8825,3.90505
1357007396.031000000,-3.86431,8.78011,30.9709,4.47571
1357007396.048000000,-3.52815,8.89729,31.0096,4.14868
1357007396.062000000,-3.49873,9.18806,31.0171,4.1399
1357007396.077000000,-3.88232,9.18416,30.7342,4.52226
1357007396.091000000,-4.24855,8.85314,30.3567,4.86415
1357007396.109000000,-4.56067,8.88359,30.5248,5.17764
1357007396.122000000,-5.01478,8.98107,30.4211,5.63752
1357007396.136000000,-5.27987,9.26023,30.4749,5.92168
1357007396.151000000,-5.64533,9.72004,30.9042,6.31876
1357007396.168000000,-5.87607,10.0012,31.1767,6.56881
1357007396.182000000,-5.67664,9.8099,30.9624,6.35634
1357007396.197000000,-4.2993,9.39322,30.8187,4.95298
1357007396.217000000,-4.02057,8.9033,30.6108,4.64029
1357007396.232000000,-3.08642,8.31988,30.2892,3.66721
1357007396.245000000,-2.7207,8.36296,30.2993,3.30546
1357007396.259000000,-2.86197,8.56189,30.5501,3.46044
1357007396.275000000,-2.82626,9.16348,30.5709,3.46738
1357007396.291000000,-2.57912,9.45714,30.7803,3.24163
1357007396.315000000,-2.59698,9.0398,30.9353,3.22993
1357007396.334000000,-2.47897,8.41636,30.5882,3.06811
1357007396.348000000,-2.66359,8.18114,30.3739,3.23563
1357007396.362000000,-2.92096,8.42016,30.3306,3.50926
1357007396.376000000,-3.2885,8.83623,30.554,3.90531
1357007396.391000000,-3.83871,9.55056,30.7268,4.50468
1357007396.405000000,-3.46274,9.8129,31.0269,4.1482
1357007396.421000000,-4.20145,10.0086,31.0298,4.89891
1357007396.438000000,-4.93184,10.1846,30.5865,5.63992
1357007396.453000000,-5.15339,9.98775,30.1548,5.84698
1357007396.466000000,-5.16265,9.75005,30.0515,5.83941
1357007396.483000000,-5.50003,10.0065,30.2011,6.19408
1357007396.498000000,-6.12986,10.032,30.1141,6.82414
1357007396.512000000,-6.20596,10.4431,30.3291,6.92913
1357007396.525000000,-6.52919,10.876,30.552,7.28218
1357007396.543000000,-6.02189,10.9078,30.487,6.77839
1357007396.557000000,-5.3951,10.8532,30.4124,6.14931
1357007396.572000000,-4.879,10.3965,30.2973,5.6022
1357007396.587000000,-4.13353,9.88209,30.124,4.8222
1357007396.601000000,-3.57496,9.68308,29.9294,4.25096
1357007396.616000000,-3.19885,9.50663,29.9302,3.86331
1357007396.630000000,-2.33649,9.18987,30.1099,2.98071
1357007396.648000000,-1.73158,9.03238,30.1695,2.36617
1357007396.674000000,-0.879042,8.60056,30.6802,1.48522
1357007396.688000000,-0.273832,8.62423,30.5939,0.8832
1357007396.704000000,-0.242498,8.67114,30.5178,0.855263
1357007396.718000000,-0.193903,8.73917,30.3234,0.811602
1357007396.732000000,-0.835795,9.02392,30.3446,1.47203
1357007396.746000000,-0.72563,8.93477,30.4075,1.35583
